692; 48; 4/1/17; 6/9/17; 1; 0; 0; 143832.04; 0.00; 0.00;
5; 53; 4/1/17; 6/9/17; 1; 0; 0; 143722.72; 0.00; 0.00;
8; 267; 4/1/17; 6/9/17; 1; 1; 1; 10807.28; 3074.61; 1961.22;
9; 53; 4/1/17; 6/9/17; 1; 0; 1; 117420.06; 0.00; 5753.09;
10; 207; 4/1/17; 6/9/17; 1; 0; 0; 145489.19; 0.00; 0.00;
11; 53; 4/1/17; 6/9/17; 0; 0; 0; 0.00; 0.00; 0.00;
12; 234; 4/1/17; 6/9/17; 1; 0; 1; 0.00; 0.00; 180.57;
2; 137; 4/3/17; 6/9/17; 0; 0; 0; 0.00; 0.00; 0.00;
15; 267; 4/1/17; 6/9/17; 1; 0; 0; 13802.67; 0.00; 0.00;
17; 53; 4/1/17; 6/9/17; 1; 1; 1; 38168.37; 5508.72; 0.00;
18; 207; 4/1/17; 6/9/17; 1; 0; 0; 4473.23; 0.00; 0.00;
19; 20; 4/1/17; 6/9/17; 1; 1; 0; 2177398.61; 918098.07; 0.00;
20; 52; 4/1/17; 6/9/17; 1; 0; 1; 65559.44; 0.00; 6266.48;
22; 52; 4/1/17; 6/9/17; 1; 0; 1; 17748.22; 0.00; 6704.93;
23; 64; 4/1/17; 6/9/17; 1; 0; 1; 32716.54; 0.00; 401.66;
24; 20; 4/1/17; 6/9/17; 0; 0; 1; 0.00; 0.00; 67425.37;
25; 191; 4/1/17; 6/9/17; 1; 0; 0; 5770970.28; 0.00; 0.00;
26; 53; 4/1/17; 4/3/17; 1; 0; 0; 37659.99; 0.00; 0.00;
27; 20; 4/1/17; 6/9/17; 1; 1; 1; 512900.73; 226174.79; 41000.00;
29; 17; 4/1/17; 6/9/17; 1; 1; 1; 307234.59; 33790.25; 45637.75;
30; 20; 4/1/17; 6/9/17; 1; 1; 1; 280922.46; 149866.23; 12997.72;
32; 64; 4/1/17; 6/9/17; 1; 0; 0; 138539.77; 0.00; 0.00;
34; 17; 4/1/17; 6/9/17; 1; 1; 1; 24898.32; 62015.35; 7755.37;
36; 671; 4/1/17; 6/9/17; 1; 0; 1; 2112.51; 0.00; 877.09;
38; 207; 4/1/17; 6/9/17; 1; 0; 0; 887.40; 0.00; 0.00;
40; 48; 4/1/17; 6/9/17; 1; 0; 1; 49841.61; 0.00; 0.00;
43; 64; 4/1/17; 6/9/17; 1; 1; 1; 69700.15; 15381.89; 5722.59;
46; 53; 4/1/17; 6/9/17; 1; 1; 1; 26207.33; 28988.51; 4426.01;
48; 64; 4/1/17; 6/9/17; 1; 0; 0; 22778.52; 0.00; 0.00;
52; 17; 4/1/17; 6/9/17; 1; 1; 1; 14524.29; 42226.16; 8344.37;
53; 48; 4/1/17; 6/9/17; 1; 0; 0; 12158.90; 0.00; 0.00;
55; 53; 4/1/17; 6/9/17; 1; 1; 1; 964577.94; 23907.30; 34220.63;
56; 64; 4/1/17; 6/9/17; 1; 0; 0; 143249.20; 0.00; 0.00;
57; 20; 4/1/17; 6/9/17; 0; 0; 1; 0.00; 0.00; 34393.61;
60; 135; 4/1/17; 5/3/17; 1; 0; 0; 229.66; 0.00; 0.00;
61; 20; 4/1/17; 6/9/17; 0; 0; 1; 0.00; 0.00; 39092.40;
63; 207; 4/1/17; 6/9/17; 0; 1; 0; 0.00; 87750.48; 0.00;
64; 234; 4/1/17; 6/9/17; 1; 0; 1; 2711.91; 0.00; 0.00;
65; 20; 4/1/17; 6/9/17; 1; 1; 1; 15334.45; 359227.49; 200000.00;
66; 267; 4/1/17; 6/9/17; 1; 1; 1; 33509.43; 17863.70; 2239.08;
67; 20; 4/1/17; 6/9/17; 1; 1; 1; 67528.53; 214056.47; 9212.19;
69; 267; 4/1/17; 6/9/17; 1; 0; 1; 0.00; 0.00; 504.67;
13; 207; 4/1/17; 6/9/17; 1; 0; 0; 4582.70; 0.00; 0.00;
72; 207; 4/1/17; 6/9/17; 1; 0; 1; 76526.35; 0.00; 10171.60;
74; 52; 4/1/17; 6/9/17; 1; 0; 1; 41667.69; 0.00; 6444.84;
75; 20; 4/1/17; 6/9/17; 0; 0; 1; 0.00; 0.00; 5250.00;
76; 64; 4/1/17; 6/9/17; 1; 1; 1; 447524.72; 11030.66; 19734.14;
79; 267; 4/1/17; 6/9/17; 1; 0; 0; 1882.75; 0.00; 0.00;
81; 671; 4/1/17; 6/9/17; 1; 0; 1; 6052.29; 0.00; 6651.83;
85; 234; 4/1/17; 6/9/17; 0; 0; 0; 0.00; 0.00; 0.00;
71; 207; 4/1/17; 6/9/17; 1; 0; 0; 0.00; 0.00; 0.00;
89; 48; 4/1/17; 6/9/17; 1; 0; 0; 157903.73; 0.00; 0.00;
94; 234; 4/1/17; 6/9/17; 1; 0; 1; 11160.83; 0.00; 2251.08;
95; 267; 4/1/17; 6/9/17; 1; 0; 1; 10181.85; 0.00; 3315.10;
101; 207; 4/1/17; 6/9/17; 1; 0; 0; 114.75; 0.00; 0.00;
103; 207; 4/1/17; 6/9/17; 1; 0; 0; 0.00; 0.00; 0.00;
104; 234; 4/1/17; 6/9/17; 1; 0; 0; 39589.96; 0.00; 0.00;
106; 439; 4/1/17; 6/9/17; 1; 0; 0; 6726.94; 0.00; 0.00;
109; 64; 4/1/17; 6/9/17; 1; 0; 0; 117791.56; 0.00; 0.00;
111; 439; 4/1/17; 6/9/17; 1; 0; 0; 25800.84; 0.00; 0.00;
112; 267; 4/1/17; 6/9/17; 1; 0; 0; 2755.91; 0.00; 0.00;
113; 671; 4/1/17; 6/9/17; 1; 0; 0; 9880.55; 0.00; 0.00;
122; 234; 4/1/17; 6/9/17; 1; 0; 0; 14390.58; 0.00; 0.00;
123; 439; 4/1/17; 4/3/17; 0; 0; 0; 0.00; 0.00; 0.00;
126; 671; 4/1/17; 6/9/17; 1; 0; 0; 3030.12; 0.00; 0.00;
127; 439; 4/1/17; 6/9/17; 1; 0; 0; 306.06; 0.00; 0.00;
128; 135; 4/1/17; 6/9/17; 0; 0; 0; 0.00; 0.00; 0.00;
134; 207; 4/1/17; 6/9/17; 1; 0; 0; 0.00; 0.00; 0.00;
135; 135; 4/1/17; 6/9/17; 0; 0; 0; 0.00; 0.00; 0.00;
136; 234; 4/1/17; 4/3/17; 1; 0; 1; 0.00; 0.00; 161.89;
138; 52; 4/1/17; 6/9/17; 1; 0; 0; 63251.91; 0.00; 0.00;
141; 267; 4/1/17; 6/9/17; 1; 0; 1; 4327.29; 0.00; 0.00;
145; 53; 4/1/17; 6/9/17; 1; 1; 1; 103214.68; 8773.51; 10632.37;
147; 671; 4/1/17; 6/9/17; 1; 0; 0; 1787.78; 0.00; 0.00;
151; 135; 4/1/17; 4/3/17; 1; 0; 1; 0.00; 0.00; 149.91;
152; 207; 4/1/17; 6/9/17; 1; 0; 0; 0.00; 0.00; 0.00;
156; 671; 4/1/17; 6/9/17; 1; 0; 1; 1472.48; 0.00; 146.11;
163; 207; 4/1/17; 6/9/17; 0; 1; 0; 0.00; 328722.91; 0.00;
166; 207; 4/1/17; 6/9/17; 1; 0; 0; 0.00; 0.00; 0.00;
171; 48; 4/1/17; 6/9/17; 1; 0; 1; 37802.31; 0.00; 0.00;
175; 222; 4/1/17; 6/9/17; 1; 0; 0; 19727.91; 0.00; 0.00;
82; 1; 4/3/17; 4/20/17; 1; 0; 0; 0.00; 0.00; 0.00;
181; 52; 4/1/17; 6/9/17; 1; 1; 1; 180685.66; 79688.36; 16152.00;
182; 52; 4/1/17; 6/9/17; 1; 0; 0; 28604.23; 0.00; 0.00;
183; 207; 4/1/17; 6/9/17; 1; 0; 0; 0.00; 0.00; 0.00;
197; 222; 4/1/17; 4/3/17; 1; 0; 0; 13609.42; 0.00; 0.00;
200; 135; 4/1/17; 5/3/17; 1; 0; 0; 0.00; 0.00; 0.00;
201; 64; 4/1/17; 6/9/17; 1; 0; 1; 60089.64; 0.00; 1971.30;
202; 222; 4/1/17; 6/9/17; 1; 0; 0; 4433.94; 0.00; 0.00;
205; 671; 4/1/17; 6/9/17; 1; 0; 1; 13178.31; 0.00; 1173.66;
206; 52; 4/1/17; 6/9/17; 1; 0; 1; 67812.58; 0.00; 2223.98;
209; 64; 4/1/17; 6/9/17; 1; 0; 0; 17946.38; 0.00; 0.00;
209; 64; 4/1/17; 6/9/17; 1; 0; 0; 17946.38; 0.00; 0.00;
212; 671; 4/1/17; 6/9/17; 1; 0; 0; 1560.47; 0.00; 0.00;
222; 267; 4/1/17; 6/9/17; 1; 0; 0; 872.61; 0.00; 0.00;
227; 234; 4/1/17; 6/9/17; 1; 0; 1; 2754.53; 0.00; 306.72;
228; 234; 4/1/17; 6/9/17; 1; 0; 0; 31737.99; 0.00; 0.00;
230; 52; 4/1/17; 6/9/17; 0; 0; 0; 0.00; 0.00; 0.00;
230; 207; 4/1/17; 6/9/17; 0; 0; 0; 0.00; 0.00; 0.00;
235; 222; 4/1/17; 6/9/17; 1; 0; 0; 2766.63; 0.00; 0.00;
238; 52; 4/1/17; 6/9/17; 1; 0; 0; 1256.82; 0.00; 0.00;
241; 20; 4/1/17; 6/9/17; 0; 0; 0; 0.00; 0.00; 0.00;
241; 48; 4/1/17; 6/9/17; 0; 0; 0; 0.00; 0.00; 0.00;
241; 267; 4/1/17; 6/9/17; 0; 0; 0; 0.00; 0.00; 0.00;
252; 135; 4/1/17; 5/3/17; 1; 0; 0; 2367.79; 0.00; 0.00;
254; 52; 4/1/17; 6/9/17; 1; 0; 0; 1027.17; 0.00; 0.00;
255; 671; 4/1/17; 6/9/17; 0; 1; 1; 0.00; 10229.94; 534.92;
268; 52; 4/1/17; 6/9/17; 0; 0; 0; 0.00; 0.00; 0.00;
270; 267; 4/1/17; 6/9/17; 1; 0; 0; 21377.53; 0.00; 0.00;
271; 671; 4/1/17; 6/9/17; 1; 0; 0; 7649.83; 0.00; 0.00;
272; 671; 4/1/17; 6/9/17; 1; 0; 0; 0.00; 0.00; 0.00;
276; 439; 4/1/17; 6/9/17; 1; 0; 1; 394.10; 0.00; 706.24;
285; 234; 4/1/17; 6/9/17; 1; 0; 0; 1760.11; 0.00; 0.00;
288; 52; 4/1/17; 6/9/17; 1; 0; 0; 106038.71; 0.00; 0.00;
290; 671; 4/1/17; 6/9/17; 1; 0; 0; 17414.75; 0.00; 0.00;
292; 48; 4/1/17; 6/9/17; 1; 0; 1; 139201.12; 0.00; 0.00;
294; 222; 4/1/17; 6/9/17; 1; 0; 0; 5465.89; 0.00; 0.00;
301; 52; 4/1/17; 6/9/17; 1; 0; 1; 98965.86; 0.00; 6258.67;
307; 222; 4/1/17; 6/9/17; 1; 0; 0; 6469.12; 0.00; 0.00;
314; 53; 4/1/17; 6/9/17; 1; 0; 0; 17310.97; 0.00; 0.00;
322; 439; 4/1/17; 6/9/17; 1; 0; 1; 75267.15; 0.00; 7347.35;
332; 671; 4/1/17; 6/9/17; 1; 0; 0; 2642.93; 0.00; 0.00;
341; 135; 4/1/17; 5/3/17; 1; 0; 0; 0.00; 0.00; 0.00;
343; 439; 4/1/17; 6/9/17; 1; 0; 0; 780.58; 0.00; 0.00;
346; 64; 4/1/17; 6/9/17; 1; 0; 1; 74240.37; 0.00; 1143.09;
352; 439; 4/1/17; 6/9/17; 1; 0; 0; 21685.96; 0.00; 0.00;
353; 52; 4/1/17; 6/9/17; 1; 0; 1; 32422.13; 0.00; 0.00;
356; 267; 4/1/17; 6/9/17; 1; 0; 1; 344.49; 0.00; 0.00;
361; 191; 4/1/17; 6/9/17; 1; 1; 0; 123281.37; 306.06; 0.00;
362; 20; 4/1/17; 6/9/17; 1; 0; 1; 118635.00; 0.00; 10703.88;
385; 222; 4/1/17; 6/9/17; 1; 0; 0; 0.00; 0.00; 0.00;
386; 234; 4/1/17; 6/9/17; 1; 0; 0; 995.04; 0.00; 0.00;
390; 52; 4/1/17; 6/9/17; 1; 0; 1; 195.21; 0.00; 514.79;
401; 222; 4/1/17; 6/9/17; 0; 1; 0; 0.00; 313.87; 0.00;
404; 52; 4/1/17; 6/9/17; 1; 0; 1; 96911.66; 0.00; 0.00;
412; 207; 4/1/17; 6/9/17; 1; 0; 0; 0.00; 0.00; 0.00;
417; 267; 4/1/17; 6/9/17; 1; 0; 0; 13898.23; 0.00; 0.00;
418; 207; 4/1/17; 6/9/17; 1; 0; 0; 0.00; 0.00; 0.00;
421; 234; 4/1/17; 6/9/17; 1; 0; 0; 5625.04; 0.00; 0.00;
422; 234; 4/1/17; 6/9/17; 1; 0; 1; 15834.42; 0.00; 1238.61;
427; 135; 4/1/17; 5/11/17; 0; 0; 0; 0.00; 0.00; 0.00;
428; 207; 4/1/17; 6/9/17; 1; 0; 0; 0.00; 0.00; 0.00;
433; 671; 4/1/17; 6/9/17; 1; 0; 0; 7369.31; 0.00; 0.00;
441; 52; 4/1/17; 6/9/17; 1; 1; 0; 24063.16; 260.15; 0.00;
444; 234; 4/1/17; 6/9/17; 1; 0; 0; 9096.04; 0.00; 0.00;
82; 567; 4/20/17; 6/9/17; 1; 0; 1; 0.00; 0.00; 0.00;
87; 207; 4/1/17; 6/9/17; 0; 0; 0; 0.00; 0.00; 0.00;
452; 234; 4/1/17; 5/20/17; 1; 0; 0; 195.21; 0.00; 0.00;
460; 207; 4/1/17; 6/9/17; 1; 0; 0; 0.00; 0.00; 0.00;
470; 135; 4/1/17; 4/3/17; 1; 0; 1; 0.00; 0.00; 149.91;
471; 135; 4/1/17; 4/3/17; 1; 0; 1; 6572.08; 0.00; 0.00;
475; 52; 4/1/17; 6/9/17; 1; 1; 1; 18969.16; 1022.79; 0.00;
481; 671; 4/1/17; 6/9/17; 1; 0; 0; 2882.09; 0.00; 0.00;
489; 207; 4/1/17; 6/9/17; 1; 0; 0; 0.00; 0.00; 0.00;
490; 207; 4/1/17; 6/9/17; 1; 0; 0; 229.51; 0.00; 0.00;
494; 267; 4/1/17; 6/9/17; 1; 0; 0; 693.65; 0.00; 0.00;
495; 207; 4/1/17; 6/9/17; 1; 0; 0; 0.00; 0.00; 0.00;
501; 222; 4/1/17; 6/9/17; 1; 0; 0; 636.77; 0.00; 0.00;
503; 52; 4/1/17; 6/9/17; 1; 0; 1; 55986.28; 0.00; 0.00;
505; 267; 4/1/17; 6/9/17; 1; 0; 1; 18149.19; 0.00; 0.00;
512; 222; 4/1/17; 6/9/17; 1; 0; 0; 5074.51; 0.00; 0.00;
513; 52; 4/1/17; 6/9/17; 1; 0; 0; 65473.55; 0.00; 0.00;
513; 52; 4/1/17; 6/9/17; 1; 0; 0; 65473.55; 0.00; 0.00;
514; 207; 4/1/17; 6/9/17; 1; 0; 0; 0.00; 0.00; 0.00;
515; 439; 4/1/17; 6/9/17; 1; 0; 1; 2053.34; 0.00; 287.95;
519; 207; 4/1/17; 6/9/17; 1; 0; 0; 39453.38; 0.00; 0.00;
520; 267; 4/1/17; 6/9/17; 1; 0; 0; 27586.56; 0.00; 0.00;
521; 439; 4/1/17; 6/9/17; 1; 0; 1; 0.00; 0.00; 320.80;
522; 267; 4/1/17; 6/9/17; 1; 0; 1; 14720.70; 0.00; 1653.51;
528; 222; 4/1/17; 6/9/17; 1; 0; 0; 51266.83; 0.00; 0.00;
530; 135; 4/1/17; 5/3/17; 1; 0; 0; 3712.06; 0.00; 0.00;
531; 207; 4/1/17; 6/9/17; 1; 0; 0; 459.01; 0.00; 0.00;
532; 267; 4/1/17; 5/17/17; 0; 0; 1; 0.00; 0.00; 659.05;
533; 207; 4/1/17; 6/9/17; 1; 0; 0; 0.00; 0.00; 0.00;
535; 267; 4/1/17; 6/9/17; 1; 0; 0; 1377.73; 0.00; 0.00;
537; 135; 4/1/17; 5/3/17; 1; 0; 0; 0.00; 0.00; 0.00;
541; 671; 4/1/17; 6/9/17; 0; 0; 0; 0.00; 0.00; 0.00;
543; 64; 4/1/17; 6/9/17; 1; 0; 0; 459.32; 0.00; 0.00;
546; 671; 4/1/17; 6/9/17; 1; 0; 1; 1761.33; 0.00; 957.91;
549; 207; 4/1/17; 6/9/17; 1; 0; 0; 390.16; 0.00; 0.00;
554; 207; 4/1/17; 6/9/17; 0; 0; 0; 0.00; 0.00; 0.00;
566; 439; 4/1/17; 4/3/17; 1; 0; 1; 0.00; 0.00; 166.24;
575; 64; 4/1/17; 6/9/17; 0; 0; 0; 0.00; 0.00; 0.00;
578; 267; 4/1/17; 6/9/17; 1; 1; 0; 459.32; 260.15; 0.00;
588; 439; 4/1/17; 6/9/17; 1; 0; 0; 288.65; 0.00; 0.00;
592; 671; 4/1/17; 6/9/17; 1; 0; 0; 5141.98; 0.00; 0.00;
593; 20; 4/1/17; 6/9/17; 1; 0; 1; 592.71; 0.00; 156.99;
598; 671; 4/1/17; 6/9/17; 1; 0; 1; 4542.37; 0.00; 196.89;
601; 222; 4/1/17; 4/3/17; 0; 0; 1; 0.00; 0.00; 99.90;
603; 135; 4/1/17; 4/11/17; 1; 0; 0; 2465.01; 0.00; 0.00;
609; 207; 4/1/17; 6/9/17; 1; 0; 0; 0.00; 0.00; 0.00;
614; 207; 4/1/17; 6/9/17; 1; 0; 0; 195.08; 0.00; 0.00;
618; 207; 4/1/17; 6/9/17; 1; 0; 0; 0.00; 0.00; 0.00;
620; 207; 4/1/17; 6/9/17; 1; 0; 0; 43585.11; 0.00; 0.00;
623; 439; 4/1/17; 6/9/17; 1; 0; 1; 5164.65; 0.00; 649.70;
626; 267; 4/1/17; 6/9/17; 1; 0; 0; 3976.78; 0.00; 0.00;
631; 207; 4/1/17; 6/9/17; 1; 0; 0; 0.00; 0.00; 0.00;
635; 207; 4/1/17; 6/9/17; 1; 0; 0; 0.00; 0.00; 0.00;
637; 671; 4/1/17; 4/3/17; 1; 0; 0; 27308.43; 0.00; 0.00;
642; 135; 4/1/17; 5/3/17; 1; 0; 0; 8255.62; 0.00; 0.00;
644; 135; 4/1/17; 5/19/17; 1; 0; 1; 5593.58; 0.00; 535.53;
660; 267; 4/1/17; 6/9/17; 1; 0; 0; 22948.02; 0.00; 0.00;
661; 135; 4/1/17; 5/11/17; 0; 0; 0; 0.00; 0.00; 0.00;
665; 135; 4/1/17; 5/3/17; 0; 1; 1; 0.00; 260.15; 637.86;
670; 207; 4/1/17; 6/9/17; 1; 0; 0; 44458.28; 0.00; 0.00;
671; 439; 4/1/17; 4/3/17; 1; 0; 0; 7924.71; 0.00; 0.00;
672; 671; 4/1/17; 6/9/17; 1; 0; 0; 3509.91; 0.00; 0.00;
674; 671; 4/1/17; 4/3/17; 1; 0; 0; 0.00; 0.00; 0.00;
675; 207; 4/1/17; 6/9/17; 1; 0; 0; 0.00; 0.00; 0.00;
676; 439; 4/1/17; 6/9/17; 1; 0; 0; 804.50; 0.00; 0.00;
685; 207; 4/1/17; 6/9/17; 0; 0; 0; 0.00; 0.00; 0.00;
686; 671; 4/1/17; 6/9/17; 1; 0; 0; 8589.89; 0.00; 0.00;
690; 135; 4/1/17; 5/3/17; 1; 0; 1; 11883.46; 0.00; 0.00;
697; 207; 4/1/17; 6/9/17; 1; 0; 0; 0.00; 0.00; 0.00;
699; 52; 4/1/17; 6/9/17; 1; 0; 0; 32176.87; 0.00; 0.00;
700; 439; 4/1/17; 6/9/17; 1; 1; 1; 13112.93; 994.69; 0.00;
703; 207; 4/1/17; 6/9/17; 1; 0; 0; 195.08; 0.00; 0.00;
707; 671; 4/1/17; 6/9/17; 1; 1; 1; 1397.53; 1581.83; 359.82;
121; 601; 5/5/17; 5/16/17; 1; 1; 0; 0.00; 0.00; 0.00;
710; 207; 4/1/17; 6/9/17; 1; 0; 0; 0.00; 0.00; 0.00;
712; 234; 4/1/17; 6/9/17; 1; 0; 0; 6535.73; 0.00; 0.00;
734; 671; 4/1/17; 6/9/17; 1; 0; 0; 2235.09; 0.00; 0.00;
738; 207; 4/1/17; 6/9/17; 1; 0; 0; 172.13; 0.00; 0.00;
743; 439; 4/1/17; 6/9/17; 1; 0; 1; 10799.68; 0.00; 543.29;
745; 234; 4/1/17; 6/9/17; 1; 0; 0; 383.99; 0.00; 0.00;
747; 267; 4/1/17; 6/9/17; 1; 0; 0; 7852.05; 0.00; 0.00;
748; 671; 4/1/17; 4/3/17; 0; 0; 0; 0.00; 0.00; 0.00;
753; 222; 4/1/17; 6/9/17; 1; 0; 1; 1377.73; 0.00; 719.23;
757; 207; 4/1/17; 6/9/17; 1; 0; 0; 0.00; 0.00; 0.00;
758; 234; 4/1/17; 6/9/17; 1; 0; 0; 11044.01; 0.00; 0.00;
761; 207; 4/1/17; 6/9/17; 1; 0; 0; 0.00; 0.00; 0.00;
771; 439; 4/1/17; 6/9/17; 1; 0; 0; 477.69; 0.00; 0.00;
772; 207; 4/1/17; 6/9/17; 1; 0; 0; 0.00; 0.00; 0.00;
773; 234; 4/1/17; 6/9/17; 1; 0; 0; 9838.03; 0.00; 0.00;
775; 671; 4/1/17; 4/3/17; 1; 0; 0; 11804.49; 0.00; 0.00;
779; 207; 4/1/17; 6/9/17; 1; 0; 0; 0.00; 0.00; 0.00;
782; 222; 4/1/17; 4/3/17; 1; 0; 0; 8557.34; 0.00; 0.00;
787; 234; 4/1/17; 6/9/17; 1; 0; 1; 1790.31; 0.00; 156.74;
809; 234; 4/1/17; 6/9/17; 1; 0; 1; 1205.14; 0.00; 795.43;
810; 191; 4/1/17; 6/9/17; 1; 1; 0; 149739.57; 0.00; 0.00;
812; 267; 4/1/17; 4/3/17; 1; 0; 0; 688.67; 0.00; 0.00;
821; 191; 4/1/17; 6/9/17; 1; 0; 1; 222418.03; 0.00; 11340.00;
824; 671; 4/1/17; 6/9/17; 1; 0; 0; 5987.22; 0.00; 0.00;
828; 439; 4/1/17; 6/9/17; 0; 0; 1; 0.00; 0.00; 0.00;
829; 207; 4/1/17; 6/9/17; 1; 0; 0; 0.00; 0.00; 0.00;
833; 671; 4/1/17; 6/9/17; 1; 0; 0; 2913.94; 0.00; 0.00;
836; 207; 4/1/17; 6/9/17; 1; 0; 0; 229.51; 0.00; 0.00;
837; 207; 4/1/17; 6/9/17; 1; 0; 0; 0.00; 0.00; 0.00;
838; 207; 4/1/17; 6/9/17; 1; 0; 0; 0.00; 0.00; 0.00;
841; 439; 4/1/17; 4/3/17; 0; 0; 0; 0.00; 0.00; 0.00;
121; 567; 5/16/17; 6/9/17; 1; 1; 0; 0.00; 0.00; 0.00;
148; 53; 4/3/17; 6/9/17; 1; 0; 0; 11030.66; 0.00; 0.00;
851; 64; 4/1/17; 6/9/17; 1; 0; 0; 2691.11; 0.00; 0.00;
852; 267; 4/1/17; 6/9/17; 1; 0; 0; 4060.56; 0.00; 0.00;
856; 234; 4/1/17; 6/9/17; 1; 0; 0; 6446.94; 0.00; 0.00;
891; 267; 4/1/17; 6/9/17; 1; 0; 1; 2100.68; 0.00; 243.00;
894; 20; 4/1/17; 6/9/17; 1; 0; 1; 27047.44; 0.00; 1147.18;
895; 207; 4/1/17; 6/9/17; 1; 0; 0; 0.00; 0.00; 0.00;
900; 207; 4/1/17; 6/9/17; 1; 0; 1; 68847.11; 0.00; 0.00;
903; 267; 4/1/17; 6/9/17; 1; 0; 0; 11719.56; 0.00; 0.00;
904; 222; 4/1/17; 4/3/17; 1; 0; 1; 0.00; 0.00; 215.18;
905; 439; 4/1/17; 6/9/17; 0; 0; 0; 0.00; 0.00; 0.00;
915; 207; 4/1/17; 6/9/17; 1; 0; 0; 46173.82; 0.00; 0.00;
916; 671; 4/1/17; 6/9/17; 1; 0; 1; 2509.87; 0.00; 0.00;
920; 222; 4/1/17; 6/9/17; 1; 0; 0; 1275.40; 0.00; 0.00;
924; 267; 4/1/17; 6/9/17; 1; 0; 0; 6695.33; 0.00; 0.00;
927; 207; 4/1/17; 6/9/17; 1; 0; 0; 0.00; 0.00; 0.00;
933; 267; 4/1/17; 6/9/17; 1; 0; 1; 1273.24; 0.00; 393.08;
934; 135; 4/1/17; 5/3/17; 1; 0; 0; 1332.02; 0.00; 0.00;
936; 671; 4/1/17; 6/9/17; 1; 0; 0; 11655.32; 0.00; 0.00;
942; 222; 4/1/17; 6/9/17; 1; 0; 0; 229.66; 0.00; 0.00;
948; 234; 4/1/17; 6/9/17; 1; 0; 0; 7820.28; 0.00; 0.00;
957; 207; 4/1/17; 6/9/17; 1; 0; 0; 0.00; 0.00; 0.00;
957; 207; 4/1/17; 6/9/17; 1; 0; 0; 0.00; 0.00; 0.00;
957; 207; 4/1/17; 6/9/17; 1; 0; 0; 0.00; 0.00; 0.00;
960; 234; 4/1/17; 4/3/17; 1; 0; 0; 9197.76; 0.00; 0.00;
964; 439; 4/1/17; 6/9/17; 1; 0; 0; 10804.04; 0.00; 0.00;
968; 234; 4/1/17; 6/9/17; 1; 0; 1; 12208.03; 0.00; 884.30;
971; 234; 4/1/17; 6/9/17; 1; 0; 0; 21404.00; 0.00; 0.00;
975; 234; 4/1/17; 6/9/17; 1; 0; 0; 2295.60; 0.00; 0.00;
981; 207; 4/1/17; 6/9/17; 1; 0; 0; 0.00; 0.00; 0.00;
983; 267; 4/1/17; 6/9/17; 1; 0; 0; 36730.38; 0.00; 0.00;
992; 222; 4/1/17; 6/9/17; 1; 0; 0; 6505.11; 0.00; 0.00;
993; 234; 4/1/17; 6/9/17; 1; 0; 0; 2103.68; 0.00; 0.00;
149; 222; 4/3/17; 6/9/17; 1; 0; 0; 0.00; 0.00; 0.00;
1009; 439; 4/1/17; 6/9/17; 1; 0; 1; 14360.06; 0.00; 734.41;
1019; 671; 4/1/17; 6/9/17; 1; 0; 1; 3908.30; 0.00; 0.00;
1020; 671; 4/1/17; 6/9/17; 1; 0; 0; 15121.36; 0.00; 0.00;
1022; 671; 4/1/17; 6/9/17; 1; 0; 1; 4769.20; 0.00; 1773.51;
1026; 439; 4/1/17; 6/9/17; 1; 0; 1; 648.79; 0.00; 174.02;
1027; 207; 4/1/17; 6/9/17; 1; 0; 0; 0.00; 0.00; 0.00;
1034; 207; 4/1/17; 6/9/17; 1; 0; 0; 0.00; 0.00; 0.00;
1042; 207; 4/1/17; 6/9/17; 1; 0; 0; 0.00; 0.00; 0.00;
1052; 439; 4/1/17; 6/9/17; 1; 0; 0; 7605.51; 0.00; 0.00;
1053; 207; 4/1/17; 6/9/17; 1; 0; 0; 195.08; 0.00; 0.00;
1055; 207; 4/1/17; 6/9/17; 1; 0; 0; 0.00; 0.00; 0.00;
1058; 439; 4/1/17; 6/9/17; 1; 0; 0; 9208.33; 0.00; 0.00;
1061; 207; 4/1/17; 6/9/17; 1; 0; 0; 0.00; 0.00; 0.00;
1064; 207; 4/1/17; 6/9/17; 1; 0; 0; 1008.97; 0.00; 0.00;
1070; 64; 4/1/17; 6/9/17; 1; 0; 1; 13923.65; 0.00; 2132.18;
1074; 207; 4/1/17; 6/9/17; 1; 0; 0; 0.00; 0.00; 0.00;
1075; 222; 4/1/17; 6/9/17; 1; 0; 0; 13055.49; 0.00; 0.00;
1077; 135; 4/1/17; 5/3/17; 1; 0; 1; 1431.15; 0.00; 0.00;
1084; 207; 4/1/17; 6/9/17; 1; 0; 0; 0.00; 0.00; 0.00;
1088; 439; 4/1/17; 6/9/17; 1; 0; 1; 1908.88; 0.00; 1686.15;
1089; 439; 4/1/17; 6/9/17; 1; 1; 1; 930.50; 0.00; 487.75;
1093; 135; 4/1/17; 5/3/17; 1; 0; 0; 1194.23; 0.00; 0.00;
1094; 135; 4/1/17; 5/3/17; 1; 0; 0; 1132.99; 0.00; 0.00;
1095; 439; 4/1/17; 6/9/17; 1; 0; 0; 16536.85; 0.00; 0.00;
1096; 439; 4/1/17; 6/9/17; 1; 0; 1; 229.66; 0.00; 111.94;
1097; 222; 4/1/17; 4/3/17; 0; 0; 1; 0.00; 0.00; 5370.13;
1099; 207; 4/1/17; 6/9/17; 1; 0; 0; 0.00; 0.00; 0.00;
1104; 207; 4/1/17; 6/9/17; 1; 0; 0; 0.00; 0.00; 0.00;
1110; 439; 4/1/17; 6/9/17; 1; 0; 0; 4181.90; 0.00; 0.00;
1112; 222; 4/1/17; 6/9/17; 1; 0; 1; 2211.86; 0.00; 899.48;
1114; 671; 4/1/17; 6/9/17; 1; 0; 0; 7112.50; 0.00; 0.00;
1118; 207; 4/1/17; 6/9/17; 1; 0; 0; 12829.15; 0.00; 0.00;
1139; 222; 4/1/17; 6/9/17; 1; 1; 1; 43295.17; 7205.22; 2824.84;
1144; 234; 4/1/17; 6/9/17; 1; 0; 0; 12096.54; 0.00; 0.00;
1156; 439; 4/1/17; 4/3/17; 1; 0; 0; 4924.28; 0.00; 0.00;
1158; 439; 4/1/17; 6/9/17; 1; 0; 0; 1675.90; 0.00; 0.00;
1159; 222; 4/1/17; 6/9/17; 1; 0; 0; 5102.73; 0.00; 0.00;
1160; 53; 4/1/17; 6/9/17; 1; 0; 1; 52110.87; 0.00; 4807.16;
1163; 52; 4/1/17; 6/9/17; 1; 0; 1; 11155.51; 0.00; 1254.87;
1167; 234; 4/1/17; 6/9/17; 1; 0; 0; 1348.06; 0.00; 0.00;
1173; 267; 4/1/17; 5/17/17; 0; 0; 1; 0.00; 0.00; 199.80;
1177; 64; 4/1/17; 6/9/17; 1; 0; 1; 37291.82; 0.00; 804.54;
1181; 17; 4/1/17; 6/9/17; 1; 0; 0; 57606.37; 0.00; 0.00;
1189; 671; 4/1/17; 6/9/17; 1; 0; 1; 3158.43; 0.00; 0.00;
1195; 64; 4/1/17; 6/9/17; 1; 0; 0; 7995.10; 0.00; 0.00;
1197; 64; 4/1/17; 6/9/17; 1; 0; 0; 10134.05; 0.00; 0.00;
1201; 64; 4/1/17; 6/9/17; 1; 0; 0; 37896.65; 0.00; 0.00;
1202; 207; 4/1/17; 6/9/17; 1; 0; 1; 82451.27; 0.00; 978.13;
1222; 135; 4/1/17; 5/3/17; 1; 0; 0; 1567.42; 0.00; 0.00;
1224; 267; 4/1/17; 6/9/17; 1; 0; 1; 9647.37; 0.00; 304.03;
1229; 222; 4/1/17; 6/9/17; 1; 0; 1; 1486.42; 0.00; 1544.37;
1231; 234; 4/1/17; 6/9/17; 0; 1; 1; 0.00; 535.34; 117.40;
1233; 439; 4/1/17; 6/9/17; 1; 0; 0; 114.83; 0.00; 0.00;
1244; 207; 4/1/17; 6/9/17; 1; 0; 0; 0.00; 0.00; 0.00;
1254; 135; 4/1/17; 5/3/17; 1; 0; 0; 1243.41; 0.00; 0.00;
1258; 222; 4/1/17; 6/9/17; 1; 0; 1; 246.31; 0.00; 262.90;
1265; 234; 4/1/17; 6/9/17; 1; 0; 1; 260.15; 0.00; 166.63;
1267; 135; 4/1/17; 5/3/17; 1; 1; 1; 149.28; 0.00; 183.07;
1275; 64; 4/1/17; 6/9/17; 1; 0; 0; 40468.09; 0.00; 0.00;
1284; 64; 4/1/17; 6/9/17; 1; 0; 1; 93941.34; 0.00; 4782.33;
1289; 207; 4/1/17; 6/9/17; 1; 0; 0; 0.00; 0.00; 0.00;
1292; 52; 4/1/17; 6/9/17; 1; 0; 1; 102105.06; 0.00; 0.00;
1306; 234; 4/1/17; 6/9/17; 1; 0; 0; 21889.21; 0.00; 0.00;
1308; 52; 4/1/17; 6/9/17; 1; 0; 1; 7722.13; 0.00; 3265.50;
1315; 222; 4/1/17; 4/3/17; 1; 0; 0; 1123.47; 0.00; 0.00;
1316; 20; 4/1/17; 6/9/17; 1; 1; 1; 25706.91; 1425.04; 1933.49;
1318; 135; 4/1/17; 5/3/17; 1; 0; 0; 1603.89; 0.00; 0.00;
180; 135; 4/1/17; 5/11/17; 1; 0; 0; 0.00; 0.00; 0.00;
1325; 234; 4/1/17; 6/9/17; 1; 0; 1; 7162.77; 0.00; 0.00;
1326; 135; 4/1/17; 4/3/17; 0; 0; 0; 0.00; 0.00; 0.00;
1327; 48; 4/1/17; 6/9/17; 1; 1; 1; 197220.91; 650.58; 11301.57;
1329; 439; 4/1/17; 6/9/17; 1; 1; 0; 13553.70; 585.63; 0.00;
1333; 267; 4/1/17; 6/9/17; 1; 0; 0; 736.26; 0.00; 0.00;
1336; 64; 4/1/17; 6/9/17; 1; 0; 1; 118328.14; 0.00; 8282.27;
1344; 234; 4/1/17; 6/9/17; 1; 0; 0; 658.36; 0.00; 0.00;
1350; 234; 4/1/17; 6/9/17; 1; 0; 0; 195.21; 0.00; 0.00;
1353; 439; 4/1/17; 6/9/17; 1; 0; 0; 3124.19; 0.00; 0.00;
1363; 52; 4/1/17; 6/9/17; 1; 1; 1; 65926.69; 0.00; 1530.93;
1379; 671; 4/1/17; 5/17/17; 0; 0; 1; 0.00; 0.00; 539.64;
1380; 671; 4/1/17; 6/9/17; 1; 1; 0; 5422.81; 275.32; 0.00;
1381; 135; 4/1/17; 5/3/17; 1; 0; 1; 3762.86; 0.00; 599.30;
1385; 53; 4/1/17; 6/9/17; 1; 0; 0; 52116.01; 0.00; 0.00;
1388; 222; 4/1/17; 6/9/17; 1; 0; 0; 19559.11; 0.00; 0.00;
1390; 671; 4/1/17; 6/9/17; 1; 0; 0; 0.00; 0.00; 0.00;
1396; 207; 4/1/17; 6/9/17; 1; 0; 0; 0.00; 0.00; 0.00;
1405; 135; 4/1/17; 4/11/17; 1; 0; 0; 4216.54; 0.00; 0.00;
1408; 53; 4/1/17; 6/9/17; 1; 0; 0; 7104.67; 0.00; 0.00;
1410; 135; 4/1/17; 5/3/17; 1; 0; 0; 306.06; 0.00; 0.00;
1413; 671; 4/1/17; 6/9/17; 1; 0; 0; 1102.09; 0.00; 0.00;
1415; 671; 4/1/17; 6/9/17; 1; 0; 1; 11984.17; 0.00; 684.07;
1418; 222; 4/1/17; 6/9/17; 1; 0; 1; 149.18; 0.00; 115.36;
1422; 64; 4/1/17; 6/9/17; 1; 0; 0; 16230.81; 0.00; 0.00;
1424; 671; 4/1/17; 6/9/17; 1; 0; 0; 2915.66; 0.00; 0.00;
1425; 207; 4/1/17; 6/9/17; 1; 0; 0; 0.00; 0.00; 0.00;
1430; 52; 4/1/17; 6/9/17; 1; 0; 0; 51182.07; 0.00; 0.00;
1432; 135; 4/1/17; 4/11/17; 1; 0; 1; 4649.91; 0.00; 239.87;
1435; 207; 4/1/17; 6/9/17; 1; 0; 0; 0.00; 0.00; 0.00;
1437; 135; 4/1/17; 5/3/17; 1; 0; 0; 1510.28; 0.00; 0.00;
1442; 671; 4/1/17; 6/9/17; 1; 0; 0; 59657.30; 0.00; 0.00;
1443; 53; 4/1/17; 6/9/17; 1; 0; 1; 76953.84; 0.00; 29581.91;
1454; 20; 4/1/17; 6/9/17; 1; 1; 1; 261552.13; 11415.90; 26046.60;
1456; 671; 4/1/17; 6/9/17; 1; 0; 0; 1101.81; 0.00; 0.00;
1461; 64; 4/1/17; 6/9/17; 1; 1; 0; 220248.41; 0.00; 0.00;
1462; 64; 4/1/17; 6/9/17; 1; 0; 1; 70593.96; 0.00; 7166.51;
1471; 53; 4/1/17; 6/9/17; 1; 0; 0; 83518.81; 0.00; 0.00;
1483; 439; 4/1/17; 6/9/17; 1; 1; 0; 1117.67; 0.00; 0.00;
1486; 48; 4/1/17; 6/9/17; 1; 1; 0; 182277.21; 0.00; 0.00;
1490; 671; 4/1/17; 6/9/17; 1; 0; 0; 2438.22; 0.00; 0.00;
1495; 135; 4/1/17; 5/3/17; 1; 1; 1; 201563.55; 3341.35; 12448.15;
1498; 671; 4/1/17; 4/3/17; 1; 0; 0; 535.05; 0.00; 0.00;
1500; 53; 4/1/17; 6/9/17; 1; 1; 1; 48608.04; 780.45; 3537.94;
1510; 207; 4/1/17; 6/9/17; 1; 0; 0; 0.00; 0.00; 0.00;
1511; 207; 4/1/17; 6/9/17; 1; 0; 0; 0.00; 0.00; 0.00;
1512; 207; 4/1/17; 6/9/17; 1; 0; 0; 688.52; 0.00; 0.00;
1513; 207; 4/1/17; 6/9/17; 1; 0; 0; 0.00; 0.00; 0.00;
1514; 207; 4/1/17; 6/9/17; 1; 0; 0; 0.00; 0.00; 0.00;
1515; 207; 4/1/17; 6/9/17; 1; 0; 0; 0.00; 0.00; 0.00;
1517; 207; 4/1/17; 6/9/17; 1; 0; 0; 0.00; 0.00; 0.00;
180; 138; 5/11/17; 6/9/17; 1; 0; 0; 0.00; 0.00; 0.00;
1519; 207; 4/1/17; 6/9/17; 1; 0; 0; 0.00; 0.00; 0.00;
1520; 207; 4/1/17; 6/9/17; 1; 0; 0; 0.00; 0.00; 0.00;
1523; 191; 4/1/17; 6/9/17; 1; 1; 0; 128514.28; 0.00; 0.00;
1530; 135; 4/1/17; 5/3/17; 1; 0; 0; 229.66; 0.00; 0.00;
1532; 267; 4/1/17; 6/9/17; 1; 0; 0; 8341.35; 0.00; 0.00;
1538; 671; 4/1/17; 6/9/17; 1; 0; 1; 10679.11; 0.00; 2110.94;
1542; 207; 4/1/17; 6/9/17; 1; 0; 0; 169228.60; 0.00; 0.00;
1550; 234; 4/1/17; 6/9/17; 1; 1; 0; 18181.77; 0.00; 0.00;
1555; 135; 4/1/17; 5/3/17; 1; 0; 0; 20231.02; 0.00; 0.00;
1565; 64; 4/1/17; 6/9/17; 1; 0; 0; 80748.57; 0.00; 0.00;
1566; 64; 4/1/17; 6/9/17; 1; 0; 0; 74824.85; 0.00; 0.00;
1567; 64; 4/1/17; 6/9/17; 1; 0; 1; 71845.69; 0.00; 2386.92;
1570; 52; 4/1/17; 6/9/17; 1; 0; 1; 209890.26; 0.00; 6796.92;
1572; 53; 4/1/17; 6/9/17; 1; 1; 0; 156859.62; 18788.67; 0.00;
1591; 135; 4/1/17; 5/3/17; 1; 0; 1; 55599.48; 0.00; 2308.04;
1595; 267; 4/1/17; 4/3/17; 0; 0; 1; 0.00; 0.00; 565.68;
1596; 64; 4/1/17; 6/9/17; 1; 0; 1; 247028.08; 0.00; 9539.53;
1600; 20; 4/1/17; 5/17/17; 0; 0; 1; 0.00; 0.00; 239.17;
1601; 52; 4/1/17; 6/9/17; 1; 1; 1; 267175.18; 70356.75; 10718.61;
184; 744; 5/16/17; 6/9/17; 1; 1; 0; 0.00; 0.00; 0.00;
1610; 207; 4/1/17; 6/9/17; 1; 0; 0; 0.00; 0.00; 0.00;
1611; 267; 4/1/17; 4/3/17; 0; 1; 0; 0.00; 1147.99; 0.00;
1613; 207; 4/1/17; 6/9/17; 1; 0; 0; 229.51; 0.00; 0.00;
1638; 17; 4/1/17; 6/9/17; 1; 1; 1; 5239.63; 22665.95; 88318.00;
1639; 48; 4/1/17; 6/9/17; 1; 1; 1; 245746.96; 36188.96; 11169.86;
1641; 135; 4/1/17; 4/3/17; 1; 0; 0; 11984.71; 0.00; 0.00;
1645; 53; 4/1/17; 6/9/17; 1; 0; 0; 348695.80; 0.00; 0.00;
1649; 234; 4/1/17; 6/9/17; 1; 0; 1; 17974.43; 0.00; 0.00;
1652; 53; 4/1/17; 6/9/17; 1; 0; 1; 45430.23; 0.00; 1646.42;
1654; 222; 4/1/17; 6/9/17; 1; 0; 1; 44976.74; 0.00; 879.46;
1657; 64; 4/1/17; 6/9/17; 1; 0; 0; 24866.71; 0.00; 0.00;
1661; 135; 4/1/17; 5/3/17; 1; 0; 0; 3639.20; 0.00; 0.00;
1663; 439; 4/1/17; 6/9/17; 1; 0; 0; 31321.82; 0.00; 0.00;
1666; 222; 4/1/17; 4/3/17; 1; 0; 0; 229.66; 0.00; 0.00;
1667; 64; 4/1/17; 6/9/17; 1; 0; 0; 21510.41; 0.00; 0.00;
1670; 207; 4/1/17; 6/9/17; 1; 0; 0; 0.00; 0.00; 0.00;
1672; 207; 4/1/17; 6/9/17; 1; 0; 0; 229.51; 0.00; 0.00;
1673; 207; 4/1/17; 6/9/17; 1; 0; 0; 195.08; 0.00; 0.00;
1674; 207; 4/1/17; 6/9/17; 1; 0; 0; 0.00; 0.00; 0.00;
1676; 207; 4/1/17; 6/9/17; 1; 0; 0; 0.00; 0.00; 0.00;
1677; 207; 4/1/17; 6/9/17; 1; 0; 0; 229.51; 0.00; 0.00;
1679; 207; 4/1/17; 6/9/17; 1; 0; 0; 0.00; 0.00; 0.00;
1680; 207; 4/1/17; 6/9/17; 1; 0; 0; 0.00; 0.00; 0.00;
1681; 207; 4/1/17; 6/9/17; 1; 0; 0; 0.00; 0.00; 0.00;
1684; 207; 4/1/17; 6/9/17; 1; 0; 0; 0.00; 0.00; 0.00;
1685; 207; 4/1/17; 6/9/17; 1; 0; 0; 0.00; 0.00; 0.00;
1686; 207; 4/1/17; 6/9/17; 1; 0; 0; 229.51; 0.00; 0.00;
1687; 207; 4/1/17; 6/9/17; 1; 0; 0; 0.00; 0.00; 0.00;
1688; 207; 4/1/17; 6/9/17; 1; 0; 0; 0.00; 0.00; 0.00;
1690; 207; 4/1/17; 6/9/17; 1; 0; 0; 0.00; 0.00; 0.00;
1691; 207; 4/1/17; 6/9/17; 1; 0; 0; 0.00; 0.00; 0.00;
1693; 207; 4/1/17; 6/9/17; 1; 0; 0; 0.00; 0.00; 0.00;
1694; 207; 4/1/17; 6/9/17; 1; 0; 0; 390.16; 0.00; 0.00;
1695; 207; 4/1/17; 6/9/17; 1; 0; 0; 0.00; 0.00; 0.00;
187; 222; 4/3/17; 6/9/17; 1; 0; 0; 0.00; 0.00; 0.00;
1697; 207; 4/1/17; 6/9/17; 1; 0; 0; 0.00; 0.00; 0.00;
1698; 207; 4/1/17; 6/9/17; 1; 0; 0; 447.54; 0.00; 0.00;
1699; 207; 4/1/17; 6/9/17; 1; 0; 0; 0.00; 0.00; 0.00;
1701; 207; 4/1/17; 6/9/17; 1; 0; 0; 0.00; 0.00; 0.00;
1713; 64; 4/1/17; 6/9/17; 1; 0; 1; 16443.25; 0.00; 1199.47;
1715; 234; 4/1/17; 6/9/17; 1; 0; 0; 3660.62; 0.00; 0.00;
1718; 439; 4/1/17; 4/3/17; 1; 0; 0; 229.66; 0.00; 0.00;
1720; 207; 4/1/17; 6/9/17; 1; 0; 0; 195.08; 0.00; 0.00;
1722; 207; 4/1/17; 6/9/17; 1; 0; 0; 0.00; 0.00; 0.00;
1733; 207; 4/1/17; 6/9/17; 1; 0; 0; 0.00; 0.00; 0.00;
1737; 222; 4/1/17; 6/9/17; 1; 0; 0; 7998.81; 0.00; 0.00;
1743; 222; 4/1/17; 6/9/17; 1; 0; 1; 701.61; 0.00; 163.59;
1760; 234; 4/1/17; 6/9/17; 1; 0; 0; 1204.14; 0.00; 0.00;
1761; 234; 4/1/17; 6/9/17; 1; 0; 1; 937.97; 0.00; 250.37;
1774; 222; 4/1/17; 6/9/17; 1; 0; 0; 14007.62; 0.00; 0.00;
1777; 135; 4/1/17; 5/3/17; 0; 0; 1; 0.00; 0.00; 99.90;
1780; 222; 4/1/17; 4/11/17; 1; 0; 0; 12327.43; 0.00; 0.00;
1785; 439; 4/1/17; 6/9/17; 1; 0; 0; 1478.26; 0.00; 0.00;
1790; 222; 4/1/17; 6/9/17; 1; 0; 0; 0.00; 0.00; 0.00;
1807; 234; 4/1/17; 6/9/17; 1; 0; 1; 4080.28; 0.00; 623.25;
1809; 439; 4/1/17; 6/9/17; 1; 0; 1; 19643.29; 0.00; 983.10;
1824; 222; 4/1/17; 6/9/17; 1; 0; 1; 195.08; 0.00; 129.91;
1828; 222; 4/1/17; 6/9/17; 1; 0; 0; 229.51; 0.00; 0.00;
1841; 64; 4/1/17; 6/9/17; 0; 0; 0; 0.00; 0.00; 0.00;
1895; 20; 4/1/17; 6/9/17; 0; 0; 1; 0.00; 0.00; 16876.67;
1899; 207; 4/1/17; 6/9/17; 0; 0; 0; 0.00; 0.00; 0.00;
1902; 207; 4/1/17; 6/9/17; 1; 0; 0; 0.00; 0.00; 0.00;
1905; 671; 4/1/17; 6/9/17; 1; 0; 0; 11620.52; 0.00; 0.00;
1907; 64; 4/1/17; 6/9/17; 1; 0; 0; 50484.32; 0.00; 0.00;
1908; 267; 4/1/17; 4/3/17; 0; 0; 0; 0.00; 0.00; 0.00;
1909; 53; 4/1/17; 6/9/17; 1; 0; 0; 0.00; 0.00; 0.00;
1922; 267; 4/1/17; 5/17/17; 0; 0; 1; 0.00; 0.00; 116.68;
1924; 267; 4/1/17; 4/3/17; 1; 0; 0; 230.85; 0.00; 0.00;
1930; 207; 4/1/17; 6/9/17; 1; 0; 0; 0.00; 0.00; 0.00;
1932; 439; 4/1/17; 6/9/17; 1; 0; 1; 384.17; 0.00; 671.64;
1933; 222; 4/1/17; 6/9/17; 1; 0; 1; 0.00; 0.00; 221.12;
1936; 671; 4/1/17; 6/9/17; 1; 0; 0; 1730.83; 0.00; 0.00;
1937; 64; 4/1/17; 6/9/17; 1; 1; 1; 64249.97; 32583.84; 5439.98;
1945; 439; 4/1/17; 6/9/17; 1; 0; 0; 12849.17; 0.00; 0.00;
1946; 439; 4/1/17; 6/9/17; 1; 0; 0; 1058.27; 0.00; 0.00;
1948; 20; 4/1/17; 6/9/17; 0; 0; 0; 0.00; 0.00; 0.00;
1952; 267; 4/1/17; 5/17/17; 0; 0; 1; 0.00; 0.00; 25374.60;
1953; 439; 4/1/17; 6/9/17; 1; 0; 1; 592.71; 0.00; 266.94;
1964; 64; 4/1/17; 6/9/17; 1; 0; 0; 44856.32; 0.00; 0.00;
1965; 64; 4/1/17; 6/9/17; 1; 0; 0; 29849.23; 0.00; 0.00;
1966; 135; 4/1/17; 5/17/17; 0; 0; 1; 0.00; 0.00; 151.20;
1968; 20; 4/1/17; 5/17/17; 0; 0; 1; 0.00; 0.00; 446.62;
1970; 439; 4/1/17; 6/9/17; 1; 0; 0; 6836.27; 0.00; 0.00;
1973; 135; 4/1/17; 5/3/17; 0; 0; 0; 0.00; 0.00; 0.00;
1980; 52; 4/1/17; 6/9/17; 1; 1; 0; 83344.41; 2545.02; 0.00;
1986; 64; 4/1/17; 6/9/17; 1; 0; 0; 35671.36; 0.00; 0.00;
1987; 671; 4/1/17; 6/9/17; 1; 0; 1; 1445.86; 0.00; 0.00;
1989; 135; 4/1/17; 5/3/17; 1; 0; 0; 1736.66; 0.00; 0.00;
1991; 671; 4/1/17; 6/9/17; 1; 0; 1; 5432.90; 0.00; 666.01;
2001; 234; 4/1/17; 6/9/17; 1; 0; 1; 2845.94; 0.00; 1499.71;
2019; 234; 4/1/17; 6/9/17; 1; 0; 0; 288.91; 0.00; 0.00;
2026; 234; 4/1/17; 6/9/17; 1; 0; 0; 2062.83; 0.00; 0.00;
2027; 191; 4/1/17; 6/9/17; 1; 0; 0; 21856.52; 0.00; 0.00;
2038; 222; 4/1/17; 6/9/17; 1; 0; 1; 0.00; 0.00; 1733.31;
2041; 64; 4/1/17; 6/9/17; 1; 0; 0; 309.17; 0.00; 0.00;
2044; 439; 4/1/17; 6/9/17; 1; 0; 1; 388.86; 0.00; 686.51;
2047; 234; 4/1/17; 4/3/17; 1; 0; 0; 195.21; 0.00; 0.00;
2052; 671; 4/1/17; 5/17/17; 0; 0; 1; 0.00; 0.00; 33671.90;
2054; 671; 4/1/17; 6/9/17; 1; 0; 1; 1971.24; 0.00; 409.89;
2057; 222; 4/1/17; 5/17/17; 0; 0; 1; 0.00; 0.00; 266.64;
2090; 439; 4/1/17; 6/9/17; 0; 0; 0; 0.00; 0.00; 0.00;
2091; 222; 4/1/17; 6/9/17; 1; 0; 1; 23177.66; 0.00; 395.00;
2110; 222; 4/1/17; 6/9/17; 1; 0; 0; 7813.29; 0.00; 0.00;
2122; 64; 4/1/17; 6/9/17; 1; 0; 0; 12297.97; 0.00; 0.00;
2123; 64; 4/1/17; 6/9/17; 1; 0; 0; 21644.19; 0.00; 0.00;
2124; 64; 4/1/17; 6/9/17; 1; 0; 0; 54029.63; 0.00; 0.00;
2126; 64; 4/1/17; 6/9/17; 1; 0; 0; 18448.40; 0.00; 0.00;
2127; 64; 4/1/17; 6/9/17; 1; 0; 0; 43191.45; 0.00; 0.00;
2128; 64; 4/1/17; 6/9/17; 1; 0; 1; 59113.94; 0.00; 419.79;
2129; 64; 4/1/17; 6/9/17; 1; 0; 0; 6916.61; 0.00; 0.00;
2130; 64; 4/1/17; 6/9/17; 1; 0; 0; 39802.40; 0.00; 0.00;
2133; 64; 4/1/17; 6/9/17; 1; 0; 0; 11734.38; 0.00; 0.00;
2134; 64; 4/1/17; 6/9/17; 1; 0; 1; 56553.99; 0.00; 1783.83;
2136; 64; 4/1/17; 6/9/17; 1; 0; 0; 27996.33; 0.00; 0.00;
2137; 64; 4/1/17; 6/9/17; 1; 0; 0; 49188.36; 0.00; 0.00;
2138; 64; 4/1/17; 6/9/17; 1; 0; 1; 97863.86; 0.00; 2440.51;
2139; 64; 4/1/17; 6/9/17; 1; 0; 0; 1010.15; 0.00; 0.00;
2140; 64; 4/1/17; 6/9/17; 1; 0; 0; 79694.01; 0.00; 0.00;
2141; 64; 4/1/17; 6/9/17; 1; 0; 0; 10176.00; 0.00; 0.00;
2142; 64; 4/1/17; 6/9/17; 1; 0; 1; 41851.08; 0.00; 1981.61;
2144; 64; 4/1/17; 6/9/17; 1; 0; 1; 24187.54; 0.00; 405.65;
2145; 64; 4/1/17; 6/9/17; 1; 0; 0; 8585.17; 0.00; 0.00;
2147; 64; 4/1/17; 6/9/17; 1; 0; 0; 179189.18; 0.00; 0.00;
2149; 222; 4/1/17; 6/9/17; 1; 0; 0; 260.15; 0.00; 0.00;
2151; 52; 4/1/17; 6/9/17; 1; 0; 1; 0.00; 0.00; 523.37;
2153; 222; 4/1/17; 6/9/17; 0; 1; 1; 0.00; 4582.70; 179.85;
2155; 135; 4/1/17; 5/20/17; 1; 0; 0; 1546.07; 0.00; 0.00;
2158; 267; 4/1/17; 4/3/17; 0; 0; 0; 0.00; 0.00; 0.00;
2161; 222; 4/1/17; 5/17/17; 0; 0; 1; 0.00; 0.00; 115.69;
2170; 267; 4/1/17; 6/9/17; 1; 0; 0; 20347.49; 0.00; 0.00;
2174; 222; 4/1/17; 4/3/17; 0; 0; 1; 0.00; 0.00; 57.72;
2182; 439; 4/1/17; 4/3/17; 0; 0; 1; 0.00; 0.00; 175.00;
2184; 135; 4/1/17; 4/3/17; 0; 0; 1; 0.00; 0.00; 222.75;
2191; 267; 4/1/17; 4/3/17; 0; 0; 0; 0.00; 0.00; 0.00;
2196; 267; 4/1/17; 5/17/17; 0; 0; 1; 0.00; 0.00; 175.92;
2198; 267; 4/1/17; 6/9/17; 0; 1; 1; 0.00; 195.21; 0.00;
2238; 52; 4/1/17; 6/9/17; 1; 1; 0; 195.21; 364.39; 0.00;
2239; 234; 4/1/17; 6/9/17; 1; 0; 1; 2109.90; 0.00; 0.00;
2242; 135; 4/1/17; 5/17/17; 0; 0; 1; 0.00; 0.00; 172.99;
2243; 671; 4/1/17; 5/17/17; 0; 0; 1; 0.00; 0.00; 112.73;
2245; 439; 4/1/17; 5/17/17; 0; 0; 1; 0.00; 0.00; 99.90;
2248; 671; 4/1/17; 6/9/17; 0; 0; 0; 0.00; 0.00; 0.00;
2250; 191; 4/1/17; 6/9/17; 0; 0; 0; 0.00; 0.00; 0.00;
2254; 267; 4/1/17; 5/17/17; 0; 0; 1; 0.00; 0.00; 399.60;
2257; 222; 4/1/17; 4/3/17; 0; 0; 0; 0.00; 0.00; 0.00;
2259; 267; 4/1/17; 5/17/17; 0; 0; 1; 0.00; 0.00; 217.54;
2263; 135; 4/1/17; 5/3/17; 1; 0; 1; 195.21; 0.00; 112.40;
2265; 135; 4/1/17; 5/11/17; 0; 0; 1; 0.00; 0.00; 479.17;
2269; 52; 4/1/17; 6/9/17; 1; 0; 0; 25507.49; 0.00; 0.00;
2279; 267; 4/1/17; 4/3/17; 0; 1; 0; 0.00; 195.21; 0.00;
2280; 222; 4/1/17; 5/17/17; 0; 0; 1; 0.00; 0.00; 99.90;
2281; 222; 4/1/17; 5/17/17; 0; 0; 1; 0.00; 0.00; 61.63;
2289; 234; 4/1/17; 6/9/17; 1; 0; 0; 4001.81; 0.00; 0.00;
2291; 222; 4/1/17; 5/17/17; 0; 0; 1; 0.00; 0.00; 123.26;
2300; 439; 4/1/17; 6/9/17; 0; 0; 0; 0.00; 0.00; 0.00;
2301; 135; 4/1/17; 4/3/17; 0; 0; 1; 0.00; 0.00; 109.53;
2305; 222; 4/1/17; 6/9/17; 0; 0; 0; 0.00; 0.00; 0.00;
2312; 234; 4/1/17; 5/11/17; 0; 0; 0; 0.00; 0.00; 0.00;
2315; 222; 4/1/17; 4/3/17; 0; 0; 1; 0.00; 0.00; 141.36;
2325; 439; 4/1/17; 6/9/17; 1; 0; 1; 1126.88; 0.00; 567.38;
2333; 48; 4/1/17; 6/9/17; 1; 0; 0; 1858.40; 0.00; 0.00;
2339; 267; 4/1/17; 6/9/17; 1; 1; 1; 0.00; 5504.93; 106.25;
2352; 267; 4/1/17; 4/3/17; 0; 0; 1; 0.00; 0.00; 108.81;
2355; 222; 4/1/17; 4/3/17; 0; 0; 1; 0.00; 0.00; 99.90;
2357; 52; 4/1/17; 6/9/17; 1; 0; 0; 0.00; 0.00; 0.00;
2358; 52; 4/1/17; 6/9/17; 1; 1; 0; 9917.99; 269.39; 0.00;
2359; 52; 4/1/17; 6/9/17; 1; 0; 0; 7946.62; 0.00; 0.00;
2360; 52; 4/1/17; 6/9/17; 1; 0; 0; 1435.97; 0.00; 0.00;
2361; 52; 4/1/17; 6/9/17; 1; 0; 0; 4609.31; 0.00; 0.00;
2362; 52; 4/1/17; 6/9/17; 0; 1; 0; 0.00; 0.00; 0.00;
2366; 234; 4/1/17; 4/3/17; 0; 0; 1; 0.00; 0.00; 99.90;
2368; 671; 4/1/17; 5/6/17; 0; 0; 1; 0.00; 0.00; 133.74;
2371; 222; 4/1/17; 4/3/17; 0; 0; 1; 0.00; 0.00; 99.90;
2372; 64; 4/1/17; 6/9/17; 1; 0; 0; 21006.20; 0.00; 0.00;
2376; 48; 4/1/17; 6/9/17; 1; 0; 0; 3401.87; 0.00; 0.00;
2381; 135; 4/1/17; 5/17/17; 0; 0; 1; 0.00; 0.00; 99.90;
2388; 671; 4/1/17; 4/3/17; 1; 0; 0; 2341.35; 0.00; 0.00;
2389; 17; 4/1/17; 6/9/17; 0; 1; 1; 0.00; 22388.68; 1833.34;
2392; 671; 4/1/17; 5/17/17; 0; 0; 1; 0.00; 0.00; 186.01;
2394; 234; 4/1/17; 4/3/17; 0; 0; 1; 0.00; 0.00; 99.90;
199; 222; 4/3/17; 6/9/17; 1; 0; 0; 0.00; 0.00; 0.00;
3; 137; 4/3/17; 6/9/17; 1; 0; 0; 4308.41; 0.00; 0.00;
4; 137; 4/3/17; 6/9/17; 1; 0; 1; 2994.76; 0.00; 0.00;
26; 52; 4/3/17; 6/9/17; 1; 0; 0; 37659.99; 0.00; 0.00;
37; 137; 4/3/17; 6/9/17; 1; 0; 0; 279920.19; 0.00; 0.00;
204; 234; 4/3/17; 6/9/17; 0; 0; 0; 0.00; 0.00; 0.00;
99; 137; 4/3/17; 6/9/17; 1; 0; 0; 2796.56; 0.00; 0.00;
123; 222; 4/3/17; 6/9/17; 0; 0; 0; 0.00; 0.00; 0.00;
136; 671; 4/3/17; 6/9/17; 1; 0; 1; 0.00; 0.00; 161.89;
144; 222; 4/3/17; 6/9/17; 1; 0; 1; 392.05; 0.00; 488.83;
358; 744; 4/11/17; 6/9/17; 1; 0; 0; 4582.70; 0.00; 0.00;
379; 222; 4/3/17; 6/9/17; 1; 0; 0; 592.71; 0.00; 0.00;
151; 222; 4/3/17; 6/9/17; 1; 0; 1; 0.00; 0.00; 149.91;
162; 137; 4/3/17; 6/9/17; 1; 1; 1; 237.38; 10521.98; 1168.74;
165; 671; 4/3/17; 6/9/17; 1; 0; 0; 0.00; 0.00; 0.00;
402; 17; 4/3/17; 6/7/17; 0; 0; 0; 0.00; 0.00; 0.00;
189; 439; 4/3/17; 6/9/17; 1; 0; 0; 2360.56; 0.00; 0.00;
197; 671; 4/3/17; 6/9/17; 1; 0; 0; 13609.42; 0.00; 0.00;
198; 137; 4/3/17; 6/9/17; 1; 0; 1; 4582.70; 0.00; 3147.22;
402; 601; 6/7/17; 6/9/17; 0; 0; 0; 0.00; 0.00; 0.00;
432; 671; 4/3/17; 6/9/17; 1; 0; 0; 592.71; 0.00; 0.00;
217; 439; 4/3/17; 6/9/17; 1; 0; 0; 0.00; 0.00; 0.00;
250; 439; 4/3/17; 6/9/17; 1; 0; 0; 0.00; 0.00; 0.00;
274; 53; 4/3/17; 6/9/17; 1; 0; 0; 7117.11; 0.00; 0.00;
279; 439; 4/3/17; 6/9/17; 1; 0; 0; 0.00; 0.00; 0.00;
286; 439; 4/3/17; 6/9/17; 1; 0; 0; 0.00; 0.00; 0.00;
293; 137; 4/3/17; 6/9/17; 1; 0; 0; 5006.57; 0.00; 0.00;
300; 439; 4/3/17; 6/9/17; 1; 0; 0; 0.00; 0.00; 0.00;
318; 222; 4/3/17; 6/9/17; 1; 0; 0; 367.45; 0.00; 0.00;
345; 439; 4/3/17; 5/17/17; 0; 0; 1; 0.00; 0.00; 299.83;
373; 135; 4/3/17; 5/20/17; 1; 0; 1; 0.00; 0.00; 0.00;
446; 222; 4/1/17; 6/9/17; 0; 0; 0; 0.00; 0.00; 0.00;
450; 53; 4/1/17; 6/9/17; 0; 0; 0; 0.00; 0.00; 0.00;
409; 137; 4/3/17; 6/9/17; 1; 0; 0; 4582.70; 0.00; 0.00;
423; 137; 4/3/17; 6/9/17; 1; 0; 0; 642.76; 0.00; 0.00;
463; 267; 4/3/17; 6/9/17; 0; 0; 0; 0.00; 0.00; 0.00;
439; 267; 4/3/17; 6/9/17; 1; 0; 0; 459.32; 0.00; 0.00;
516; 234; 4/3/17; 6/9/17; 0; 0; 0; 0.00; 0.00; 0.00;
469; 137; 4/3/17; 6/9/17; 1; 0; 1; 9990.88; 0.00; 0.00;
470; 222; 4/3/17; 6/9/17; 1; 0; 1; 0.00; 0.00; 149.91;
471; 671; 4/3/17; 6/9/17; 1; 0; 1; 6572.08; 0.00; 0.00;
478; 137; 4/3/17; 6/9/17; 1; 0; 0; 1008.30; 0.00; 0.00;
488; 135; 4/3/17; 5/3/17; 1; 0; 0; 0.00; 0.00; 0.00;
507; 671; 4/3/17; 6/9/17; 1; 0; 1; 0.00; 0.00; 200.11;
508; 222; 4/3/17; 6/9/17; 1; 0; 0; 0.00; 0.00; 0.00;
509; 1; 4/3/17; 4/20/17; 1; 0; 0; 666.01; 0.00; 0.00;
559; 671; 4/3/17; 6/9/17; 0; 0; 0; 0.00; 0.00; 0.00;
524; 234; 4/3/17; 6/9/17; 1; 0; 0; 0.00; 0.00; 0.00;
539; 137; 4/3/17; 6/9/17; 1; 0; 0; 10356.54; 0.00; 0.00;
542; 137; 4/3/17; 6/9/17; 1; 0; 0; 4531.40; 0.00; 0.00;
544; 137; 4/3/17; 6/9/17; 1; 0; 0; 1288.26; 0.00; 0.00;
556; 222; 4/3/17; 6/9/17; 1; 0; 0; 643.05; 0.00; 0.00;
571; 671; 4/3/17; 6/9/17; 1; 0; 0; 0.00; 0.00; 0.00;
562; 137; 4/3/17; 6/9/17; 1; 0; 0; 10891.38; 0.00; 0.00;
566; 1; 4/3/17; 4/20/17; 1; 0; 1; 0.00; 0.00; 166.24;
581; 671; 4/3/17; 6/9/17; 1; 0; 0; 0.00; 0.00; 0.00;
650; 135; 4/3/17; 5/5/17; 1; 0; 0; 0.00; 0.00; 0.00;
595; 137; 4/3/17; 6/9/17; 1; 0; 0; 0.00; 0.00; 0.00;
601; 1; 4/3/17; 4/20/17; 0; 0; 1; 0.00; 0.00; 99.90;
604; 137; 4/3/17; 6/9/17; 1; 0; 0; 1170.59; 0.00; 0.00;
610; 137; 4/3/17; 6/9/17; 1; 0; 1; 0.00; 0.00; 200.70;
612; 135; 4/3/17; 5/3/17; 1; 0; 0; 459.01; 0.00; 0.00;
613; 137; 4/3/17; 6/9/17; 1; 0; 1; 0.00; 0.00; 1154.87;
637; 17; 4/3/17; 6/9/17; 1; 0; 1; 27308.43; 0.00; 9725.44;
650; 138; 5/5/17; 6/9/17; 1; 0; 0; 0.00; 0.00; 0.00;
655; 1; 4/3/17; 6/9/17; 0; 0; 0; 0.00; 0.00; 0.00;
662; 135; 4/3/17; 5/11/17; 1; 0; 0; 0.00; 0.00; 0.00;
666; 137; 4/3/17; 6/9/17; 1; 0; 0; 0.00; 0.00; 0.00;
668; 137; 4/3/17; 6/9/17; 0; 0; 0; 0.00; 0.00; 0.00;
671; 671; 4/3/17; 6/9/17; 1; 0; 0; 7924.71; 0.00; 0.00;
674; 267; 4/3/17; 6/9/17; 1; 0; 0; 0.00; 0.00; 0.00;
679; 137; 4/3/17; 6/9/17; 1; 0; 0; 0.00; 0.00; 0.00;
682; 64; 4/3/17; 6/9/17; 1; 0; 0; 36804.55; 0.00; 0.00;
684; 137; 4/3/17; 6/9/17; 1; 0; 0; 1514.99; 0.00; 0.00;
689; 137; 4/3/17; 6/9/17; 1; 0; 0; 0.00; 0.00; 0.00;
691; 137; 4/3/17; 6/9/17; 1; 0; 0; 4811.82; 0.00; 0.00;
719; 267; 4/3/17; 6/9/17; 1; 0; 0; 559.60; 0.00; 0.00;
721; 137; 4/3/17; 6/9/17; 1; 0; 0; 0.00; 0.00; 0.00;
731; 234; 4/3/17; 6/9/17; 1; 0; 0; 0.00; 0.00; 0.00;
733; 137; 4/3/17; 6/9/17; 1; 0; 0; 3209.99; 0.00; 0.00;
737; 137; 4/3/17; 6/9/17; 1; 0; 1; 654.59; 0.00; 725.98;
740; 137; 4/3/17; 6/9/17; 1; 0; 0; 803.27; 0.00; 0.00;
748; 1; 4/3/17; 4/20/17; 0; 0; 0; 0.00; 0.00; 0.00;
759; 234; 4/3/17; 5/20/17; 0; 0; 0; 0.00; 0.00; 0.00;
760; 1; 4/3/17; 4/20/17; 1; 0; 0; 0.00; 0.00; 0.00;
769; 439; 4/3/17; 5/17/17; 0; 0; 1; 0.00; 0.00; 200.41;
775; 439; 4/3/17; 6/9/17; 1; 0; 0; 11804.49; 0.00; 0.00;
780; 1; 4/3/17; 6/9/17; 0; 0; 0; 0.00; 0.00; 0.00;
662; 138; 5/11/17; 6/9/17; 1; 0; 0; 0.00; 0.00; 0.00;
782; 439; 4/3/17; 6/9/17; 1; 0; 0; 8557.34; 0.00; 0.00;
789; 135; 4/3/17; 5/3/17; 1; 1; 0; 0.00; 344.37; 0.00;
792; 1; 4/3/17; 4/20/17; 1; 0; 0; 0.00; 0.00; 0.00;
708; 267; 4/1/17; 6/9/17; 0; 0; 0; 0.00; 0.00; 0.00;
796; 135; 4/3/17; 5/3/17; 1; 0; 0; 390.16; 0.00; 0.00;
812; 137; 4/3/17; 6/9/17; 1; 0; 0; 688.67; 0.00; 0.00;
820; 137; 4/3/17; 6/9/17; 1; 0; 0; 13343.20; 0.00; 0.00;
832; 1; 4/3/17; 4/20/17; 1; 0; 0; 0.00; 0.00; 0.00;
841; 17; 4/3/17; 6/9/17; 1; 0; 0; 16177.64; 0.00; 0.00;
781; 1; 4/3/17; 6/9/17; 0; 0; 0; 0.00; 0.00; 0.00;
847; 222; 4/3/17; 6/9/17; 1; 0; 0; 559.16; 0.00; 0.00;
872; 1; 4/3/17; 4/20/17; 1; 0; 1; 0.00; 0.00; 555.99;
884; 137; 4/3/17; 6/9/17; 1; 0; 1; 2855.20; 0.00; 363.53;
888; 53; 4/3/17; 6/9/17; 1; 0; 0; 1625.82; 0.00; 0.00;
904; 1; 4/3/17; 4/20/17; 1; 0; 1; 0.00; 0.00; 215.18;
907; 234; 4/3/17; 6/9/17; 1; 0; 0; 520.30; 0.00; 0.00;
910; 1; 4/3/17; 4/20/17; 1; 0; 0; 0.00; 0.00; 0.00;
922; 48; 4/3/17; 6/9/17; 1; 0; 0; 0.00; 0.00; 0.00;
923; 1; 4/3/17; 6/9/17; 0; 0; 0; 0.00; 0.00; 0.00;
941; 439; 4/3/17; 5/17/17; 0; 0; 1; 0.00; 0.00; 999.00;
947; 267; 4/3/17; 6/9/17; 0; 0; 0; 0.00; 0.00; 0.00;
949; 137; 4/3/17; 6/9/17; 1; 0; 0; 3215.23; 0.00; 0.00;
952; 267; 4/3/17; 6/9/17; 1; 0; 0; 0.00; 0.00; 0.00;
955; 267; 4/3/17; 6/9/17; 1; 0; 1; 0.00; 0.00; 203.23;
956; 1; 4/3/17; 4/20/17; 1; 0; 0; 0.00; 0.00; 0.00;
960; 207; 4/3/17; 6/9/17; 1; 0; 0; 9197.76; 0.00; 0.00;
967; 1; 4/3/17; 4/20/17; 1; 0; 0; 0.00; 0.00; 0.00;
984; 1; 4/3/17; 4/20/17; 1; 0; 0; 0.00; 0.00; 0.00;
988; 267; 4/3/17; 6/9/17; 1; 0; 0; 688.82; 0.00; 0.00;
995; 1; 4/3/17; 4/20/17; 0; 0; 0; 0.00; 0.00; 0.00;
795; 135; 4/3/17; 5/3/17; 1; 0; 0; 0.00; 0.00; 0.00;
795; 138; 5/3/17; 6/9/17; 1; 0; 0; 0.00; 0.00; 0.00;
1048; 137; 4/3/17; 6/9/17; 1; 0; 1; 1797.08; 0.00; 223.50;
843; 601; 5/11/17; 6/9/17; 1; 0; 0; 0.00; 0.00; 0.00;
1059; 1; 4/3/17; 4/20/17; 1; 0; 0; 0.00; 0.00; 0.00;
1063; 1; 4/3/17; 4/20/17; 1; 0; 0; 0.00; 0.00; 0.00;
1067; 267; 4/3/17; 6/9/17; 1; 0; 0; 459.32; 0.00; 0.00;
1076; 222; 4/3/17; 6/9/17; 1; 0; 0; 27816.11; 0.00; 0.00;
1079; 1; 4/3/17; 4/20/17; 1; 0; 0; 0.00; 0.00; 0.00;
844; 207; 4/1/17; 6/9/17; 1; 0; 0; 0.00; 0.00; 0.00;
1097; 17; 4/3/17; 6/9/17; 1; 0; 1; 11030.66; 0.00; 5370.13;
1123; 1; 4/3/17; 4/20/17; 1; 0; 0; 0.00; 0.00; 0.00;
1128; 1; 4/3/17; 4/20/17; 0; 0; 1; 0.00; 0.00; 149.91;
844; 207; 4/1/17; 6/9/17; 1; 0; 0; 0.00; 0.00; 0.00;
1141; 53; 4/3/17; 6/9/17; 1; 0; 0; 0.00; 0.00; 0.00;
1156; 53; 4/3/17; 6/9/17; 1; 0; 0; 4924.28; 0.00; 0.00;
1166; 137; 4/3/17; 6/9/17; 1; 0; 1; 1691.82; 0.00; 673.00;
846; 1; 4/3/17; 4/20/17; 1; 0; 0; 592.71; 0.00; 0.00;
1175; 1; 4/3/17; 4/20/17; 1; 0; 0; 0.00; 0.00; 0.00;
846; 567; 4/20/17; 6/9/17; 1; 0; 0; 592.71; 0.00; 0.00;
1203; 222; 4/3/17; 6/9/17; 1; 0; 1; 446.11; 0.00; 364.68;
1208; 1; 4/3/17; 4/20/17; 1; 0; 1; 0.00; 0.00; 461.67;
1214; 1; 4/3/17; 4/20/17; 1; 0; 0; 0.00; 0.00; 0.00;
1006; 267; 4/1/17; 6/9/17; 0; 0; 0; 0.00; 0.00; 0.00;
1220; 439; 4/3/17; 6/9/17; 1; 0; 0; 0.00; 0.00; 0.00;
1226; 1; 4/3/17; 4/20/17; 0; 0; 1; 0.00; 0.00; 749.57;
1227; 53; 4/3/17; 6/9/17; 0; 0; 0; 0.00; 0.00; 0.00;
1235; 267; 4/3/17; 6/9/17; 1; 0; 1; 172.24; 0.00; 314.46;
1246; 1; 4/3/17; 4/20/17; 1; 0; 1; 260.15; 0.00; 527.03;
1246; 222; 4/3/17; 4/20/17; 1; 0; 1; 260.15; 0.00; 527.03;
1255; 135; 4/3/17; 5/3/17; 1; 0; 1; 183.64; 0.00; 135.52;
1260; 137; 4/3/17; 6/9/17; 1; 0; 1; 585.63; 0.00; 106.74;
1261; 1; 4/3/17; 4/20/17; 1; 0; 0; 0.00; 0.00; 0.00;
1272; 1; 4/3/17; 4/20/17; 0; 1; 0; 0.00; 0.00; 0.00;
1279; 1; 4/3/17; 4/20/17; 1; 0; 0; 0.00; 0.00; 0.00;
1280; 1; 4/3/17; 4/20/17; 1; 0; 1; 0.00; 0.00; 510.53;
1035; 1; 4/3/17; 6/9/17; 0; 0; 0; 0.00; 0.00; 0.00;
1315; 671; 4/3/17; 6/9/17; 1; 0; 0; 1123.47; 0.00; 0.00;
1321; 137; 4/3/17; 6/9/17; 1; 0; 0; 1682.50; 0.00; 0.00;
1324; 137; 4/3/17; 6/9/17; 1; 0; 0; 459.09; 0.00; 0.00;
1326; 671; 4/3/17; 5/26/17; 0; 0; 0; 0.00; 0.00; 0.00;
1374; 137; 4/3/17; 6/9/17; 1; 0; 1; 1162.15; 0.00; 127.91;
1407; 1; 4/3/17; 4/20/17; 1; 0; 0; 0.00; 0.00; 0.00;
1409; 267; 4/3/17; 5/17/17; 0; 0; 1; 0.00; 0.00; 99.90;
1412; 1; 4/3/17; 4/20/17; 0; 0; 0; 0.00; 0.00; 0.00;
1428; 135; 4/3/17; 5/3/17; 1; 0; 0; 0.00; 0.00; 0.00;
1475; 137; 4/3/17; 6/9/17; 1; 0; 0; 1290.11; 0.00; 0.00;
1488; 137; 4/3/17; 6/9/17; 1; 0; 0; 20515.61; 0.00; 0.00;
1498; 1; 4/3/17; 4/20/17; 1; 0; 0; 535.05; 0.00; 0.00;
1521; 1; 4/3/17; 4/20/17; 1; 0; 0; 0.00; 0.00; 0.00;
1544; 1; 4/3/17; 4/20/17; 1; 0; 0; 0.00; 0.00; 0.00;
1039; 1; 4/3/17; 4/20/17; 1; 0; 0; 0.00; 0.00; 0.00;
1039; 631; 4/20/17; 5/11/17; 1; 0; 0; 0.00; 0.00; 0.00;
1039; 631; 5/11/17; 5/16/17; 1; 0; 0; 0.00; 0.00; 0.00;
1593; 137; 4/3/17; 6/9/17; 1; 0; 0; 14392.13; 0.00; 0.00;
1595; 1; 4/3/17; 4/20/17; 0; 0; 1; 0.00; 0.00; 565.68;
1599; 17; 4/3/17; 5/17/17; 0; 0; 1; 0.00; 0.00; 2393.20;
1611; 207; 4/3/17; 6/9/17; 0; 1; 0; 0.00; 1147.99; 0.00;
1612; 1; 4/3/17; 4/20/17; 1; 0; 1; 1581.83; 0.00; 292.69;
1039; 567; 5/16/17; 6/9/17; 1; 0; 0; 0.00; 0.00; 0.00;
1641; 234; 4/3/17; 6/9/17; 1; 0; 0; 11984.71; 0.00; 0.00;
1054; 1; 4/3/17; 4/20/17; 0; 0; 0; 0.00; 0.00; 0.00;
1660; 137; 4/3/17; 6/9/17; 0; 0; 0; 0.00; 0.00; 0.00;
1665; 1; 4/3/17; 4/20/17; 1; 0; 1; 0.00; 0.00; 299.93;
1666; 439; 4/3/17; 6/9/17; 1; 0; 0; 229.66; 0.00; 0.00;
1683; 207; 4/3/17; 6/9/17; 1; 0; 0; 1032.78; 0.00; 0.00;
1718; 1; 4/3/17; 4/20/17; 1; 0; 0; 229.66; 0.00; 0.00;
1735; 1; 4/3/17; 4/20/17; 1; 0; 0; 0.00; 0.00; 0.00;
1739; 137; 4/3/17; 6/9/17; 1; 0; 1; 7825.56; 0.00; 664.49;
1753; 137; 4/3/17; 6/9/17; 1; 0; 0; 1926.08; 0.00; 0.00;
1762; 267; 4/3/17; 6/9/17; 1; 0; 0; 0.00; 0.00; 0.00;
1781; 1; 4/3/17; 4/20/17; 1; 0; 0; 0.00; 0.00; 0.00;
1054; 567; 4/20/17; 5/16/17; 0; 0; 0; 0.00; 0.00; 0.00;
1803; 135; 4/3/17; 5/3/17; 1; 0; 0; 16217.62; 0.00; 0.00;
1805; 234; 4/3/17; 6/9/17; 1; 0; 0; 0.00; 0.00; 0.00;
1811; 222; 4/3/17; 6/9/17; 1; 0; 1; 518.93; 0.00; 0.00;
1833; 234; 4/3/17; 6/9/17; 1; 0; 0; 0.00; 0.00; 0.00;
1834; 1; 4/3/17; 4/20/17; 1; 0; 0; 0.00; 0.00; 0.00;
1846; 1; 4/3/17; 4/20/17; 1; 0; 1; 0.00; 0.00; 241.73;
1851; 1; 4/3/17; 4/20/17; 1; 0; 1; 496.06; 0.00; 184.95;
1054; 1; 5/16/17; 6/9/17; 0; 0; 0; 0.00; 0.00; 0.00;
1906; 1; 4/3/17; 4/20/17; 0; 0; 0; 0.00; 0.00; 0.00;
1908; 1; 4/3/17; 4/20/17; 0; 0; 0; 0.00; 0.00; 0.00;
1911; 137; 4/3/17; 5/17/17; 0; 0; 1; 0.00; 0.00; 132.07;
1914; 137; 4/3/17; 6/9/17; 1; 0; 1; 5073.78; 0.00; 272.55;
1919; 271; 4/3/17; 5/17/17; 0; 0; 1; 0.00; 0.00; 199.80;
1924; 1; 4/3/17; 4/20/17; 1; 0; 0; 230.85; 0.00; 0.00;
1925; 1; 4/3/17; 4/20/17; 0; 0; 1; 0.00; 0.00; 149.91;
1928; 1; 4/3/17; 4/20/17; 0; 0; 0; 0.00; 0.00; 0.00;
1940; 135; 4/3/17; 5/17/17; 0; 0; 1; 0.00; 0.00; 99.90;
1943; 267; 4/3/17; 6/9/17; 0; 0; 0; 0.00; 0.00; 0.00;
1944; 1; 4/3/17; 4/20/17; 1; 0; 0; 0.00; 0.00; 0.00;
1947; 1; 4/3/17; 4/20/17; 0; 0; 1; 0.00; 0.00; 300.00;
1954; 1; 4/3/17; 4/20/17; 0; 0; 1; 0.00; 0.00; 149.91;
1957; 1; 4/3/17; 4/20/17; 1; 0; 0; 0.00; 0.00; 0.00;
1960; 1; 4/3/17; 4/20/17; 1; 0; 0; 0.00; 0.00; 0.00;
1993; 1; 4/3/17; 4/20/17; 1; 0; 0; 0.00; 0.00; 0.00;
2000; 1; 4/3/17; 4/20/17; 0; 0; 0; 0.00; 0.00; 0.00;
2004; 137; 4/3/17; 6/9/17; 1; 0; 0; 688.70; 0.00; 0.00;
2008; 1; 4/3/17; 4/20/17; 1; 0; 0; 0.00; 0.00; 0.00;
2014; 1; 4/3/17; 4/20/17; 1; 0; 0; 0.00; 0.00; 0.00;
2017; 1; 4/3/17; 4/20/17; 1; 0; 1; 0.00; 0.00; 102.00;
2030; 1; 4/3/17; 4/20/17; 1; 0; 0; 0.00; 0.00; 0.00;
2032; 1; 4/3/17; 4/20/17; 1; 0; 0; 0.00; 0.00; 0.00;
2042; 1; 4/3/17; 4/20/17; 1; 0; 0; 0.00; 0.00; 0.00;
2047; 1; 4/3/17; 4/20/17; 1; 0; 0; 195.21; 0.00; 0.00;
2049; 135; 4/3/17; 5/3/17; 1; 0; 0; 298.46; 0.00; 0.00;
2053; 1; 4/3/17; 4/20/17; 0; 0; 1; 0.00; 0.00; 149.91;
2055; 1; 4/3/17; 4/20/17; 0; 0; 1; 0.00; 0.00; 258.67;
2056; 137; 4/3/17; 6/9/17; 1; 1; 1; 559.60; 1581.83; 2589.20;
1082; 1; 4/3/17; 4/20/17; 1; 0; 0; 0.00; 0.00; 0.00;
2098; 1; 4/3/17; 4/20/17; 1; 0; 0; 0.00; 0.00; 0.00;
2150; 1; 4/3/17; 4/20/17; 0; 0; 1; 0.00; 0.00; 142.20;
2157; 1; 4/3/17; 4/20/17; 0; 0; 0; 0.00; 0.00; 0.00;
2158; 1; 4/3/17; 4/20/17; 0; 0; 0; 0.00; 0.00; 0.00;
2160; 1; 4/3/17; 4/20/17; 0; 0; 1; 0.00; 0.00; 159.48;
2162; 1; 4/3/17; 4/20/17; 0; 0; 1; 0.00; 0.00; 206.33;
2163; 1; 4/3/17; 4/20/17; 0; 0; 0; 0.00; 0.00; 0.00;
2165; 1; 4/3/17; 4/20/17; 1; 0; 0; 0.00; 0.00; 0.00;
2167; 137; 4/3/17; 6/9/17; 0; 0; 0; 0.00; 0.00; 0.00;
1082; 601; 4/20/17; 5/16/17; 1; 0; 0; 0.00; 0.00; 0.00;
2173; 1; 4/3/17; 4/20/17; 0; 0; 0; 0.00; 0.00; 0.00;
2174; 1; 4/3/17; 4/20/17; 0; 0; 1; 0.00; 0.00; 57.72;
2176; 222; 4/3/17; 6/9/17; 1; 0; 0; 484.12; 0.00; 0.00;
2177; 135; 4/3/17; 5/11/17; 0; 0; 0; 0.00; 0.00; 0.00;
2178; 1; 4/3/17; 4/20/17; 1; 0; 0; 0.00; 0.00; 0.00;
2182; 1; 4/3/17; 4/20/17; 0; 0; 1; 0.00; 0.00; 175.00;
2184; 1; 4/3/17; 4/20/17; 0; 0; 1; 0.00; 0.00; 222.75;
2185; 1; 4/3/17; 4/20/17; 1; 0; 0; 0.00; 0.00; 0.00;
2189; 1; 4/3/17; 4/20/17; 0; 0; 1; 0.00; 0.00; 160.00;
2191; 137; 4/3/17; 6/9/17; 0; 0; 0; 0.00; 0.00; 0.00;
2192; 1; 4/3/17; 4/20/17; 0; 0; 1; 0.00; 0.00; 160.86;
2193; 1; 4/3/17; 4/20/17; 0; 0; 1; 0.00; 0.00; 544.90;
2194; 1; 4/3/17; 4/20/17; 0; 0; 1; 0.00; 0.00; 99.90;
2195; 1; 4/3/17; 4/20/17; 0; 0; 0; 0.00; 0.00; 0.00;
2197; 1; 4/3/17; 4/20/17; 0; 0; 1; 0.00; 0.00; 150.00;
2199; 137; 4/3/17; 5/17/17; 0; 0; 1; 0.00; 0.00; 100.31;
2200; 1; 4/3/17; 4/20/17; 0; 0; 1; 0.00; 0.00; 99.90;
2201; 1; 4/3/17; 4/20/17; 0; 0; 0; 0.00; 0.00; 0.00;
2202; 1; 4/3/17; 4/20/17; 0; 0; 1; 0.00; 0.00; 99.90;
2236; 1; 4/3/17; 4/20/17; 0; 0; 1; 0.00; 0.00; 99.90;
2237; 1; 4/3/17; 4/20/17; 0; 0; 1; 0.00; 0.00; 196.90;
2240; 1; 4/3/17; 4/20/17; 0; 0; 1; 0.00; 0.00; 99.90;
2246; 1; 4/3/17; 4/20/17; 0; 0; 1; 0.00; 0.00; 188.41;
2247; 1; 4/3/17; 4/20/17; 0; 1; 1; 0.00; 0.00; 100.64;
2251; 1; 4/3/17; 4/20/17; 0; 0; 1; 0.00; 0.00; 146.53;
2253; 222; 4/3/17; 6/9/17; 1; 0; 1; 0.00; 0.00; 234.29;
2255; 439; 4/3/17; 5/17/17; 0; 0; 1; 0.00; 0.00; 550.00;
2257; 1; 4/3/17; 4/20/17; 0; 0; 0; 0.00; 0.00; 0.00;
2258; 1; 4/3/17; 4/20/17; 0; 0; 1; 0.00; 0.00; 152.14;
2260; 1; 4/3/17; 4/20/17; 0; 0; 1; 0.00; 0.00; 702.00;
2262; 1; 4/3/17; 4/20/17; 0; 0; 0; 0.00; 0.00; 0.00;
2264; 1; 4/3/17; 4/20/17; 0; 0; 1; 0.00; 0.00; 99.90;
2270; 1; 4/3/17; 6/9/17; 1; 0; 0; 0.00; 0.00; 0.00;
2271; 1; 4/3/17; 4/20/17; 0; 0; 1; 0.00; 0.00; 99.90;
2274; 135; 4/3/17; 5/17/17; 0; 0; 1; 0.00; 0.00; 99.90;
2275; 1; 4/3/17; 4/20/17; 0; 0; 1; 0.00; 0.00; 240.50;
2276; 1; 4/3/17; 4/20/17; 0; 0; 1; 0.00; 0.00; 99.90;
2277; 135; 4/3/17; 5/17/17; 0; 0; 1; 0.00; 0.00; 99.90;
2279; 222; 4/3/17; 6/9/17; 0; 1; 0; 0.00; 195.21; 0.00;
2284; 1; 4/3/17; 4/20/17; 1; 0; 0; 0.00; 0.00; 0.00;
2285; 1; 4/3/17; 4/20/17; 0; 0; 1; 0.00; 0.00; 99.90;
2286; 1; 4/3/17; 4/20/17; 0; 0; 1; 0.00; 0.00; 99.90;
2288; 1; 4/3/17; 4/20/17; 0; 0; 0; 0.00; 0.00; 0.00;
2290; 1; 4/3/17; 4/20/17; 1; 0; 1; 0.00; 0.00; 134.53;
2293; 1; 4/3/17; 4/20/17; 0; 0; 1; 0.00; 0.00; 93.51;
2294; 1; 4/3/17; 4/20/17; 0; 0; 0; 0.00; 0.00; 0.00;
2295; 234; 4/3/17; 5/17/17; 0; 0; 1; 0.00; 0.00; 187.45;
2296; 1; 4/3/17; 4/20/17; 0; 0; 1; 0.00; 0.00; 187.50;
2297; 1; 4/3/17; 4/20/17; 0; 0; 1; 0.00; 0.00; 99.90;
2298; 1; 4/3/17; 4/20/17; 0; 0; 1; 0.00; 0.00; 145.00;
2301; 1; 4/3/17; 4/20/17; 0; 0; 1; 0.00; 0.00; 109.53;
2302; 1; 4/3/17; 6/9/17; 0; 0; 0; 0.00; 0.00; 0.00;
2303; 137; 4/3/17; 6/9/17; 1; 0; 0; 1168.92; 0.00; 0.00;
2304; 1; 4/3/17; 4/20/17; 0; 0; 0; 0.00; 0.00; 0.00;
2306; 1; 4/3/17; 4/20/17; 0; 0; 1; 0.00; 0.00; 102.33;
2308; 137; 4/3/17; 6/9/17; 1; 1; 1; 540.34; 0.00; 168.53;
2309; 1; 4/3/17; 4/20/17; 0; 0; 1; 0.00; 0.00; 99.90;
2310; 1; 4/3/17; 4/20/17; 0; 0; 1; 0.00; 0.00; 112.95;
2313; 1; 4/3/17; 4/20/17; 0; 0; 1; 0.00; 0.00; 324.54;
2314; 135; 4/3/17; 5/5/17; 1; 0; 1; 390.29; 0.00; 131.70;
2315; 1; 4/3/17; 4/20/17; 0; 0; 1; 0.00; 0.00; 141.36;
2316; 1; 4/3/17; 4/20/17; 0; 1; 1; 0.00; 0.00; 124.90;
2317; 1; 4/3/17; 4/20/17; 0; 0; 1; 0.00; 0.00; 99.90;
2318; 1; 4/3/17; 4/20/17; 0; 0; 1; 0.00; 0.00; 93.09;
2326; 1; 4/3/17; 4/20/17; 0; 0; 1; 0.00; 0.00; 99.90;
2327; 1; 4/3/17; 4/20/17; 0; 0; 1; 0.00; 0.00; 225.52;
2328; 1; 4/3/17; 4/20/17; 0; 0; 1; 0.00; 0.00; 101.13;
2329; 1; 4/3/17; 4/20/17; 1; 0; 0; 0.00; 0.00; 0.00;
2330; 1; 4/3/17; 4/20/17; 0; 0; 1; 0.00; 0.00; 131.40;
2331; 1; 4/3/17; 4/20/17; 0; 0; 0; 0.00; 0.00; 0.00;
2332; 1; 4/3/17; 4/20/17; 0; 0; 1; 0.00; 0.00; 99.90;
2334; 267; 4/3/17; 6/9/17; 1; 0; 1; 1106.19; 0.00; 156.93;
2335; 1; 4/3/17; 4/20/17; 0; 0; 1; 0.00; 0.00; 142.20;
2337; 222; 4/3/17; 6/9/17; 1; 0; 0; 519.91; 0.00; 0.00;
2338; 137; 4/3/17; 5/6/17; 0; 0; 1; 0.00; 0.00; 256.65;
2340; 1; 4/3/17; 4/20/17; 0; 1; 0; 0.00; 0.00; 0.00;
2341; 1; 4/3/17; 4/20/17; 0; 0; 1; 0.00; 0.00; 99.90;
2343; 1; 4/3/17; 4/20/17; 0; 0; 0; 0.00; 0.00; 0.00;
2344; 1; 4/3/17; 4/20/17; 0; 0; 1; 0.00; 0.00; 99.90;
2345; 1; 4/3/17; 4/20/17; 0; 0; 0; 0.00; 0.00; 0.00;
2347; 1; 4/3/17; 4/20/17; 0; 0; 1; 0.00; 0.00; 99.90;
2351; 1; 4/3/17; 4/20/17; 0; 0; 1; 0.00; 0.00; 99.90;
2352; 1; 4/3/17; 4/20/17; 0; 0; 1; 0.00; 0.00; 108.81;
2353; 1; 4/3/17; 4/20/17; 0; 0; 1; 0.00; 0.00; 244.20;
2354; 207; 4/3/17; 6/9/17; 1; 0; 0; 0.00; 0.00; 0.00;
2355; 234; 4/3/17; 5/17/17; 0; 0; 1; 0.00; 0.00; 99.90;
2356; 1; 4/3/17; 4/20/17; 0; 0; 1; 0.00; 0.00; 99.90;
2363; 1; 4/3/17; 4/20/17; 0; 0; 1; 0.00; 0.00; 99.90;
2364; 1; 4/3/17; 4/20/17; 0; 0; 1; 0.00; 0.00; 99.90;
2365; 1; 4/3/17; 4/20/17; 0; 0; 1; 0.00; 0.00; 99.90;
2366; 1; 4/3/17; 4/20/17; 0; 0; 1; 0.00; 0.00; 99.90;
2369; 1; 4/3/17; 4/20/17; 0; 0; 1; 0.00; 0.00; 99.90;
2371; 234; 4/3/17; 5/17/17; 0; 0; 1; 0.00; 0.00; 99.90;
2373; 137; 4/3/17; 5/17/17; 0; 0; 1; 0.00; 0.00; 125.16;
2374; 1; 4/3/17; 4/20/17; 0; 0; 1; 0.00; 0.00; 99.90;
2375; 267; 4/3/17; 5/6/17; 0; 0; 1; 0.00; 0.00; 99.90;
2377; 1; 4/3/17; 4/20/17; 0; 0; 1; 0.00; 0.00; 81.70;
2378; 1; 4/3/17; 4/20/17; 0; 0; 1; 0.00; 0.00; 99.90;
2379; 135; 4/3/17; 5/17/17; 0; 0; 1; 0.00; 0.00; 99.90;
2380; 137; 4/3/17; 5/17/17; 0; 0; 1; 0.00; 0.00; 178.81;
2382; 1; 4/3/17; 4/20/17; 0; 0; 0; 0.00; 0.00; 0.00;
2383; 1; 4/3/17; 4/20/17; 1; 0; 0; 0.00; 0.00; 0.00;
2384; 1; 4/3/17; 4/20/17; 0; 0; 1; 0.00; 0.00; 99.90;
2385; 1; 4/3/17; 4/20/17; 0; 0; 1; 0.00; 0.00; 51.04;
2388; 53; 4/3/17; 6/9/17; 1; 0; 0; 2341.35; 0.00; 0.00;
2391; 267; 4/3/17; 6/9/17; 0; 0; 0; 0.00; 0.00; 0.00;
2393; 234; 4/3/17; 6/9/17; 1; 0; 0; 1247.50; 0.00; 0.00;
2394; 1; 4/3/17; 4/20/17; 0; 0; 1; 0.00; 0.00; 99.90;
2664; 267; 4/3/17; 6/9/17; 1; 0; 1; 845.39; 0.00; 124.91;
2667; 135; 4/3/17; 5/3/17; 0; 0; 1; 0.00; 0.00; 99.90;
2679; 137; 4/3/17; 6/9/17; 1; 0; 1; 0.00; 0.00; 0.00;
1; 744; 4/11/17; 6/9/17; 1; 0; 1; 21549.91; 0.00; 2588.33;
28; 744; 4/11/17; 5/17/17; 0; 0; 1; 0.00; 0.00; 999.00;
41; 744; 4/11/17; 6/9/17; 1; 1; 1; 28182.33; 0.00; 2174.90;
62; 744; 4/11/17; 6/9/17; 1; 0; 1; 32616.30; 0.00; 3867.93;
70; 744; 4/11/17; 6/9/17; 1; 0; 0; 574.15; 0.00; 0.00;
77; 744; 4/11/17; 6/9/17; 1; 0; 0; 32325.23; 0.00; 0.00;
78; 744; 4/11/17; 6/9/17; 1; 0; 0; 6534.08; 0.00; 0.00;
140; 744; 4/11/17; 6/9/17; 1; 0; 0; 4595.79; 0.00; 0.00;
143; 744; 4/11/17; 6/9/17; 1; 0; 0; 2795.29; 0.00; 0.00;
161; 744; 4/11/17; 6/9/17; 1; 0; 0; 2455.75; 0.00; 0.00;
164; 744; 4/11/17; 6/9/17; 1; 0; 1; 585.24; 0.00; 449.74;
191; 744; 4/11/17; 6/9/17; 1; 0; 1; 9595.70; 0.00; 1776.88;
278; 744; 4/11/17; 6/9/17; 1; 0; 0; 1514.37; 0.00; 0.00;
336; 744; 4/11/17; 6/9/17; 1; 1; 1; 0.00; 0.00; 186.21;
339; 744; 4/11/17; 6/9/17; 1; 0; 0; 0.00; 0.00; 0.00;
354; 744; 4/11/17; 6/9/17; 1; 0; 0; 2355.39; 0.00; 0.00;
1082; 567; 5/16/17; 6/9/17; 1; 0; 0; 0.00; 0.00; 0.00;
375; 744; 4/11/17; 6/9/17; 1; 0; 1; 2711.21; 0.00; 583.82;
388; 744; 4/11/17; 6/9/17; 1; 0; 0; 0.00; 0.00; 0.00;
395; 744; 4/11/17; 6/9/17; 1; 0; 0; 0.00; 0.00; 0.00;
400; 744; 4/11/17; 6/9/17; 0; 0; 0; 0.00; 0.00; 0.00;
476; 744; 4/11/17; 6/9/17; 0; 0; 0; 0.00; 0.00; 0.00;
497; 744; 4/11/17; 6/9/17; 1; 0; 1; 2813.40; 0.00; 375.59;
502; 744; 4/11/17; 6/9/17; 1; 0; 0; 1460.95; 0.00; 0.00;
502; 744; 4/11/17; 6/9/17; 1; 0; 0; 1460.95; 0.00; 0.00;
569; 744; 4/11/17; 6/9/17; 1; 0; 0; 2625.46; 0.00; 0.00;
574; 744; 4/11/17; 6/9/17; 1; 0; 0; 946.31; 0.00; 0.00;
603; 744; 4/11/17; 6/9/17; 1; 0; 0; 2465.01; 0.00; 0.00;
606; 744; 4/11/17; 6/9/17; 1; 0; 0; 1254.86; 0.00; 0.00;
629; 744; 4/11/17; 6/9/17; 1; 0; 0; 2888.35; 0.00; 0.00;
653; 744; 4/11/17; 6/9/17; 1; 1; 1; 826.77; 2186.36; 513.74;
658; 744; 4/11/17; 6/9/17; 1; 0; 0; 1099.98; 0.00; 0.00;
863; 744; 4/11/17; 6/9/17; 1; 0; 1; 28894.78; 0.00; 1821.84;
917; 744; 4/11/17; 6/9/17; 1; 0; 0; 27410.15; 0.00; 0.00;
946; 744; 4/11/17; 6/9/17; 1; 0; 0; 8662.73; 0.00; 0.00;
1032; 744; 4/11/17; 5/17/17; 0; 0; 1; 0.00; 0.00; 157.40;
1091; 744; 4/11/17; 5/11/17; 1; 0; 0; 2465.98; 0.00; 0.00;
1105; 744; 4/11/17; 6/9/17; 1; 0; 1; 3525.58; 0.00; 0.00;
1169; 744; 4/11/17; 6/9/17; 1; 0; 1; 9768.86; 0.00; 1105.82;
1182; 744; 4/11/17; 6/9/17; 1; 0; 0; 2830.42; 0.00; 0.00;
1188; 744; 4/11/17; 5/17/17; 0; 0; 1; 0.00; 0.00; 219.44;
1204; 744; 4/11/17; 6/9/17; 1; 0; 0; 3244.32; 0.00; 0.00;
1238; 744; 4/11/17; 6/9/17; 1; 0; 1; 1022.04; 0.00; 0.00;
1364; 744; 4/11/17; 6/9/17; 1; 0; 0; 1002.08; 0.00; 0.00;
1405; 744; 4/11/17; 6/9/17; 1; 0; 0; 4216.54; 0.00; 0.00;
1432; 744; 4/11/17; 6/9/17; 1; 0; 1; 4649.91; 0.00; 239.87;
1459; 744; 4/11/17; 6/9/17; 1; 0; 1; 8749.95; 0.00; 0.00;
1465; 744; 4/11/17; 6/9/17; 1; 0; 0; 7169.05; 0.00; 0.00;
1477; 744; 4/11/17; 6/9/17; 1; 0; 0; 12742.60; 0.00; 0.00;
1527; 744; 4/11/17; 6/9/17; 1; 0; 1; 1343.01; 0.00; 363.35;
1531; 744; 4/11/17; 6/9/17; 1; 0; 1; 8337.01; 0.00; 2634.92;
1618; 744; 4/11/17; 6/9/17; 0; 1; 1; 0.00; 14445.96; 0.00;
1759; 744; 4/11/17; 6/9/17; 1; 0; 0; 3674.55; 0.00; 0.00;
1780; 744; 4/11/17; 6/9/17; 1; 0; 0; 12327.43; 0.00; 0.00;
1934; 744; 4/11/17; 6/9/17; 1; 0; 0; 964.57; 0.00; 0.00;
1972; 744; 4/11/17; 5/17/17; 0; 0; 1; 0.00; 0.00; 246.93;
2046; 744; 4/11/17; 6/9/17; 1; 0; 1; 1467.91; 0.00; 0.00;
2159; 744; 4/11/17; 6/9/17; 0; 0; 0; 0.00; 0.00; 0.00;
2348; 744; 4/11/17; 5/19/17; 1; 0; 0; 380.66; 0.00; 0.00;
2349; 744; 4/11/17; 5/19/17; 1; 0; 0; 926.29; 0.00; 0.00;
2397; 744; 4/11/17; 5/17/17; 0; 0; 1; 0.00; 0.00; 396.23;
1140; 1; 4/3/17; 4/20/17; 1; 0; 0; 592.71; 0.00; 0.00;
509; 601; 4/20/17; 5/16/17; 1; 0; 0; 666.01; 0.00; 0.00;
566; 601; 4/20/17; 5/16/17; 1; 0; 1; 0.00; 0.00; 166.24;
601; 601; 4/20/17; 5/17/17; 0; 0; 1; 0.00; 0.00; 99.90;
748; 601; 4/20/17; 6/9/17; 0; 0; 0; 0.00; 0.00; 0.00;
760; 631; 4/20/17; 5/16/17; 1; 0; 0; 0.00; 0.00; 0.00;
792; 601; 4/20/17; 5/16/17; 1; 0; 0; 0.00; 0.00; 0.00;
832; 631; 4/20/17; 5/16/17; 1; 0; 0; 0.00; 0.00; 0.00;
1140; 601; 4/20/17; 5/16/17; 1; 0; 0; 592.71; 0.00; 0.00;
872; 601; 4/20/17; 5/16/17; 1; 0; 1; 0.00; 0.00; 555.99;
904; 601; 4/20/17; 5/16/17; 1; 0; 1; 0.00; 0.00; 215.18;
910; 631; 4/20/17; 5/16/17; 1; 0; 0; 0.00; 0.00; 0.00;
956; 567; 4/20/17; 6/9/17; 1; 0; 0; 0.00; 0.00; 0.00;
967; 601; 4/20/17; 5/16/17; 1; 0; 0; 0.00; 0.00; 0.00;
984; 631; 4/20/17; 5/16/17; 1; 0; 0; 0.00; 0.00; 0.00;
995; 567; 4/20/17; 5/16/17; 0; 0; 0; 0.00; 0.00; 0.00;
1140; 567; 5/16/17; 6/9/17; 1; 0; 0; 592.71; 0.00; 0.00;
1171; 1; 4/3/17; 4/20/17; 0; 0; 0; 0.00; 0.00; 0.00;
1059; 601; 4/20/17; 5/16/17; 1; 0; 0; 0.00; 0.00; 0.00;
1063; 631; 4/20/17; 6/3/17; 1; 0; 0; 0.00; 0.00; 0.00;
1079; 567; 4/20/17; 6/9/17; 1; 0; 1; 0.00; 0.00; 433.29;
1171; 631; 4/20/17; 5/11/17; 0; 0; 0; 0.00; 0.00; 0.00;
1123; 631; 4/20/17; 5/16/17; 1; 0; 0; 0.00; 0.00; 0.00;
1128; 567; 4/20/17; 5/11/17; 0; 0; 1; 0.00; 0.00; 149.91;
1171; 631; 5/11/17; 5/30/17; 0; 0; 0; 0.00; 0.00; 0.00;
1171; 1; 5/30/17; 6/9/17; 0; 0; 0; 0.00; 0.00; 0.00;
1175; 567; 4/20/17; 6/9/17; 1; 0; 0; 0.00; 0.00; 0.00;
1190; 1; 4/3/17; 4/20/17; 0; 0; 0; 0.00; 0.00; 0.00;
1208; 631; 4/20/17; 5/16/17; 1; 0; 1; 0.00; 0.00; 461.67;
1214; 567; 4/20/17; 6/9/17; 1; 0; 0; 0.00; 0.00; 0.00;
1226; 631; 4/20/17; 6/9/17; 0; 0; 1; 0.00; 0.00; 749.57;
1246; 601; 4/20/17; 6/9/17; 1; 0; 1; 260.15; 0.00; 527.03;
1261; 567; 4/20/17; 6/9/17; 1; 0; 0; 0.00; 0.00; 0.00;
1272; 601; 4/20/17; 6/9/17; 0; 1; 0; 0.00; 0.00; 0.00;
1279; 631; 4/20/17; 5/16/17; 1; 0; 0; 0.00; 0.00; 0.00;
1280; 567; 4/20/17; 5/16/17; 1; 0; 1; 0.00; 0.00; 510.53;
1407; 631; 4/20/17; 5/19/17; 1; 0; 0; 0.00; 0.00; 0.00;
1412; 567; 4/20/17; 6/9/17; 0; 1; 1; 0.00; 596.69; 359.76;
1498; 567; 4/20/17; 6/9/17; 1; 0; 0; 535.05; 0.00; 0.00;
1521; 601; 4/20/17; 6/9/17; 1; 0; 0; 0.00; 0.00; 0.00;
1544; 631; 4/20/17; 5/19/17; 1; 0; 0; 0.00; 0.00; 0.00;
1190; 601; 4/20/17; 5/9/17; 0; 0; 0; 0.00; 0.00; 0.00;
1595; 567; 4/20/17; 5/16/17; 0; 0; 1; 0.00; 0.00; 565.68;
1612; 601; 4/20/17; 5/16/17; 1; 0; 1; 1581.83; 0.00; 292.69;
1190; 1; 5/9/17; 6/9/17; 0; 0; 0; 0.00; 0.00; 0.00;
1217; 1; 4/3/17; 6/9/17; 0; 0; 0; 0.00; 0.00; 0.00;
1665; 631; 4/20/17; 5/19/17; 1; 0; 1; 0.00; 0.00; 299.93;
1718; 567; 4/20/17; 6/9/17; 1; 0; 0; 229.66; 0.00; 0.00;
1735; 567; 4/20/17; 6/9/17; 1; 0; 0; 0.00; 0.00; 0.00;
1781; 601; 4/20/17; 5/16/17; 1; 0; 1; 0.00; 0.00; 0.00;
1834; 631; 4/20/17; 5/19/17; 1; 0; 0; 0.00; 0.00; 0.00;
1846; 567; 4/20/17; 6/9/17; 1; 0; 1; 0.00; 0.00; 241.73;
1851; 631; 4/20/17; 5/16/17; 1; 0; 1; 496.06; 0.00; 184.95;
1906; 631; 4/20/17; 5/16/17; 0; 0; 0; 0.00; 0.00; 0.00;
1908; 567; 4/20/17; 5/16/17; 0; 0; 0; 0.00; 0.00; 0.00;
1924; 631; 4/20/17; 5/16/17; 1; 0; 0; 230.85; 0.00; 0.00;
1925; 567; 4/20/17; 5/16/17; 0; 0; 1; 0.00; 0.00; 149.91;
1928; 601; 4/20/17; 6/9/17; 0; 0; 0; 0.00; 0.00; 0.00;
1944; 631; 4/20/17; 5/16/17; 1; 0; 0; 0.00; 0.00; 0.00;
1947; 567; 4/20/17; 5/17/17; 0; 0; 1; 0.00; 0.00; 300.00;
1954; 567; 4/20/17; 5/17/17; 0; 0; 1; 0.00; 0.00; 149.91;
1957; 601; 4/20/17; 5/16/17; 1; 0; 0; 0.00; 0.00; 0.00;
1960; 631; 4/20/17; 5/16/17; 1; 0; 0; 0.00; 0.00; 0.00;
1993; 601; 4/20/17; 5/19/17; 1; 0; 0; 0.00; 0.00; 0.00;
2000; 631; 4/20/17; 5/5/17; 0; 0; 0; 0.00; 0.00; 0.00;
2008; 567; 4/20/17; 6/9/17; 1; 0; 1; 0.00; 0.00; 121.29;
2014; 601; 4/20/17; 5/19/17; 1; 0; 0; 0.00; 0.00; 0.00;
2017; 631; 4/20/17; 5/30/17; 1; 0; 1; 0.00; 0.00; 102.00;
2030; 567; 4/20/17; 6/9/17; 1; 0; 1; 0.00; 0.00; 162.77;
2032; 601; 4/20/17; 6/9/17; 1; 0; 0; 0.00; 0.00; 0.00;
2042; 631; 4/20/17; 5/30/17; 1; 0; 0; 0.00; 0.00; 0.00;
2047; 567; 4/20/17; 6/9/17; 1; 0; 0; 195.21; 0.00; 0.00;
2053; 567; 4/20/17; 5/16/17; 0; 0; 1; 0.00; 0.00; 149.91;
2055; 567; 4/20/17; 5/17/17; 0; 0; 1; 0.00; 0.00; 258.67;
1288; 1; 4/3/17; 6/9/17; 1; 0; 0; 0.00; 0.00; 0.00;
2098; 601; 4/20/17; 5/20/17; 1; 0; 0; 0.00; 0.00; 0.00;
2150; 567; 4/20/17; 5/17/17; 0; 0; 1; 0.00; 0.00; 142.20;
2157; 631; 4/20/17; 5/30/17; 0; 0; 0; 0.00; 0.00; 0.00;
2158; 631; 4/20/17; 5/11/17; 0; 0; 0; 0.00; 0.00; 0.00;
2160; 601; 4/20/17; 6/9/17; 0; 0; 1; 0.00; 0.00; 159.48;
2162; 601; 4/20/17; 6/9/17; 0; 0; 1; 0.00; 0.00; 206.33;
2163; 631; 4/20/17; 5/11/17; 0; 0; 0; 0.00; 0.00; 0.00;
2165; 567; 4/20/17; 6/9/17; 1; 0; 1; 0.00; 0.00; 0.00;
1322; 207; 4/1/17; 6/9/17; 1; 0; 0; 0.00; 0.00; 0.00;
2173; 631; 4/20/17; 5/30/17; 0; 0; 0; 0.00; 0.00; 0.00;
2174; 631; 4/20/17; 6/9/17; 0; 0; 1; 0.00; 0.00; 57.72;
2178; 631; 4/20/17; 6/9/17; 1; 0; 0; 0.00; 0.00; 0.00;
2182; 631; 4/20/17; 6/9/17; 0; 0; 1; 0.00; 0.00; 175.00;
2184; 631; 4/20/17; 5/17/17; 0; 0; 1; 0.00; 0.00; 222.75;
2185; 567; 4/20/17; 6/9/17; 1; 0; 1; 0.00; 0.00; 116.07;
2189; 601; 4/20/17; 6/9/17; 0; 0; 1; 0.00; 0.00; 160.00;
2192; 601; 4/20/17; 5/17/17; 0; 0; 1; 0.00; 0.00; 160.86;
2193; 601; 4/20/17; 6/9/17; 0; 0; 1; 0.00; 0.00; 544.90;
2194; 601; 4/20/17; 5/17/17; 0; 0; 1; 0.00; 0.00; 99.90;
2195; 631; 4/20/17; 5/11/17; 0; 0; 0; 0.00; 0.00; 0.00;
2197; 631; 4/20/17; 6/9/17; 0; 0; 1; 0.00; 0.00; 150.00;
2200; 631; 4/20/17; 5/17/17; 0; 0; 1; 0.00; 0.00; 99.90;
2201; 567; 4/20/17; 5/16/17; 0; 0; 0; 0.00; 0.00; 0.00;
2202; 601; 4/20/17; 5/17/17; 0; 0; 1; 0.00; 0.00; 99.90;
2236; 631; 4/20/17; 6/9/17; 0; 0; 1; 0.00; 0.00; 99.90;
2237; 631; 4/20/17; 6/9/17; 0; 0; 1; 0.00; 0.00; 196.90;
2240; 631; 4/20/17; 6/9/17; 0; 0; 1; 0.00; 0.00; 99.90;
2246; 567; 4/20/17; 5/16/17; 0; 0; 1; 0.00; 0.00; 188.41;
2247; 601; 4/20/17; 5/5/17; 0; 1; 1; 0.00; 0.00; 100.64;
2251; 631; 4/20/17; 5/11/17; 0; 0; 1; 0.00; 0.00; 146.53;
2257; 601; 4/20/17; 6/9/17; 0; 0; 0; 0.00; 0.00; 0.00;
2258; 567; 4/20/17; 5/17/17; 0; 0; 1; 0.00; 0.00; 152.14;
2260; 601; 4/20/17; 6/9/17; 0; 0; 1; 0.00; 0.00; 702.00;
2262; 631; 4/20/17; 5/30/17; 0; 0; 0; 0.00; 0.00; 0.00;
2264; 567; 4/20/17; 5/11/17; 0; 0; 1; 0.00; 0.00; 99.90;
2271; 631; 4/20/17; 5/17/17; 0; 0; 1; 0.00; 0.00; 99.90;
2275; 567; 4/20/17; 5/17/17; 0; 0; 1; 0.00; 0.00; 240.50;
2276; 601; 4/20/17; 6/9/17; 0; 0; 1; 0.00; 0.00; 99.90;
2284; 631; 4/20/17; 5/11/17; 1; 0; 0; 0.00; 0.00; 0.00;
2285; 567; 4/20/17; 5/16/17; 0; 0; 1; 0.00; 0.00; 99.90;
2286; 601; 4/20/17; 6/9/17; 0; 0; 1; 0.00; 0.00; 99.90;
2288; 631; 4/20/17; 6/9/17; 0; 0; 1; 0.00; 0.00; 0.00;
2290; 567; 4/20/17; 5/16/17; 1; 0; 1; 0.00; 0.00; 134.53;
2293; 601; 4/20/17; 5/3/17; 0; 0; 1; 0.00; 0.00; 93.51;
2294; 631; 4/20/17; 5/30/17; 0; 0; 0; 0.00; 0.00; 0.00;
2296; 567; 4/20/17; 5/17/17; 0; 0; 1; 0.00; 0.00; 187.50;
2297; 601; 4/20/17; 6/9/17; 0; 0; 1; 0.00; 0.00; 99.90;
2298; 631; 4/20/17; 6/9/17; 0; 0; 1; 0.00; 0.00; 145.00;
2301; 601; 4/20/17; 6/9/17; 0; 0; 1; 0.00; 0.00; 109.53;
2304; 601; 4/20/17; 6/9/17; 0; 0; 0; 0.00; 0.00; 0.00;
2306; 631; 4/20/17; 5/17/17; 0; 0; 1; 0.00; 0.00; 102.33;
2309; 601; 4/20/17; 6/9/17; 0; 0; 1; 0.00; 0.00; 99.90;
2310; 631; 4/20/17; 6/9/17; 0; 0; 1; 0.00; 0.00; 112.95;
2313; 567; 4/20/17; 5/16/17; 0; 0; 1; 0.00; 0.00; 324.54;
2315; 631; 4/20/17; 6/9/17; 0; 0; 1; 0.00; 0.00; 141.36;
2316; 601; 4/20/17; 6/9/17; 0; 1; 1; 0.00; 0.00; 124.90;
2317; 631; 4/20/17; 6/9/17; 0; 0; 1; 0.00; 0.00; 99.90;
2318; 567; 4/20/17; 5/3/17; 0; 0; 1; 0.00; 0.00; 93.09;
2326; 567; 4/20/17; 5/17/17; 0; 0; 1; 0.00; 0.00; 99.90;
2327; 601; 4/20/17; 6/9/17; 0; 0; 1; 0.00; 0.00; 225.52;
2328; 631; 4/20/17; 6/9/17; 0; 0; 1; 0.00; 0.00; 101.13;
2329; 567; 4/20/17; 6/9/17; 1; 0; 1; 0.00; 0.00; 248.82;
2330; 601; 4/20/17; 5/17/17; 0; 0; 1; 0.00; 0.00; 131.40;
2331; 631; 4/20/17; 5/30/17; 0; 0; 0; 0.00; 0.00; 0.00;
2332; 567; 4/20/17; 5/17/17; 0; 0; 1; 0.00; 0.00; 99.90;
2335; 601; 4/20/17; 5/17/17; 0; 0; 1; 0.00; 0.00; 142.20;
2340; 631; 4/20/17; 5/30/17; 0; 1; 0; 0.00; 0.00; 0.00;
2341; 567; 4/20/17; 5/11/17; 0; 0; 1; 0.00; 0.00; 99.90;
2343; 601; 4/20/17; 6/3/17; 0; 0; 0; 0.00; 0.00; 0.00;
2344; 631; 4/20/17; 5/17/17; 0; 0; 1; 0.00; 0.00; 99.90;
2345; 601; 4/20/17; 6/7/17; 0; 0; 0; 0.00; 0.00; 0.00;
2347; 567; 4/20/17; 5/17/17; 0; 0; 1; 0.00; 0.00; 99.90;
2351; 601; 4/20/17; 5/17/17; 0; 0; 1; 0.00; 0.00; 99.90;
2352; 567; 4/20/17; 5/16/17; 0; 0; 1; 0.00; 0.00; 108.81;
2353; 631; 4/20/17; 6/9/17; 0; 0; 1; 0.00; 0.00; 244.20;
2356; 567; 4/20/17; 5/17/17; 0; 0; 1; 0.00; 0.00; 99.90;
2363; 601; 4/20/17; 5/17/17; 0; 0; 1; 0.00; 0.00; 99.90;
2364; 631; 4/20/17; 5/17/17; 0; 0; 1; 0.00; 0.00; 99.90;
2365; 567; 4/20/17; 5/16/17; 0; 0; 1; 0.00; 0.00; 99.90;
2366; 567; 4/20/17; 5/17/17; 0; 0; 1; 0.00; 0.00; 99.90;
2369; 601; 4/20/17; 5/17/17; 0; 0; 1; 0.00; 0.00; 99.90;
2374; 631; 4/20/17; 6/9/17; 0; 0; 1; 0.00; 0.00; 99.90;
2377; 567; 4/20/17; 6/9/17; 1; 0; 1; 0.00; 0.00; 81.70;
2378; 601; 4/20/17; 5/17/17; 0; 0; 1; 0.00; 0.00; 99.90;
2382; 631; 4/20/17; 6/9/17; 0; 0; 1; 0.00; 0.00; 76.81;
2383; 567; 4/20/17; 6/9/17; 1; 0; 0; 0.00; 0.00; 0.00;
2384; 601; 4/20/17; 5/17/17; 0; 0; 1; 0.00; 0.00; 99.90;
2385; 631; 4/20/17; 6/9/17; 0; 0; 1; 0.00; 0.00; 51.04;
2394; 567; 4/20/17; 5/16/17; 0; 0; 1; 0.00; 0.00; 99.90;
252; 138; 5/3/17; 6/9/17; 1; 0; 0; 2367.79; 0.00; 0.00;
1255; 138; 5/3/17; 6/9/17; 1; 0; 1; 183.64; 0.00; 135.52;
1077; 138; 5/3/17; 6/9/17; 1; 0; 1; 1431.15; 0.00; 0.00;
1267; 138; 5/3/17; 6/9/17; 1; 1; 1; 149.28; 0.00; 183.07;
1093; 138; 5/3/17; 6/9/17; 1; 0; 0; 1194.23; 0.00; 0.00;
1803; 138; 5/3/17; 6/9/17; 1; 0; 0; 16217.62; 0.00; 0.00;
612; 138; 5/3/17; 6/9/17; 1; 0; 0; 459.01; 0.00; 0.00;
1254; 138; 5/3/17; 6/9/17; 1; 0; 0; 1243.41; 0.00; 0.00;
1530; 138; 5/3/17; 6/9/17; 1; 0; 0; 229.66; 0.00; 0.00;
690; 138; 5/3/17; 6/9/17; 1; 0; 1; 11883.46; 0.00; 0.00;
1318; 138; 5/3/17; 6/9/17; 1; 0; 0; 1603.89; 0.00; 0.00;
1094; 138; 5/3/17; 6/9/17; 1; 0; 0; 1132.99; 0.00; 0.00;
934; 138; 5/3/17; 6/9/17; 1; 0; 0; 1332.02; 0.00; 0.00;
1661; 138; 5/3/17; 6/9/17; 1; 0; 0; 3639.20; 0.00; 0.00;
795; 138; 5/3/17; 6/9/17; 1; 0; 0; 0.00; 0.00; 0.00;
1410; 138; 5/3/17; 6/9/17; 1; 0; 0; 306.06; 0.00; 0.00;
789; 138; 5/3/17; 6/9/17; 1; 1; 0; 0.00; 344.37; 0.00;
1727; 138; 5/3/17; 6/9/17; 1; 0; 0; 2516.91; 0.00; 0.00;
200; 138; 5/3/17; 6/9/17; 1; 0; 0; 0.00; 0.00; 0.00;
2692; 138; 5/3/17; 6/9/17; 1; 0; 0; 0.00; 0.00; 0.00;
537; 138; 5/3/17; 6/9/17; 1; 0; 0; 0.00; 0.00; 0.00;
488; 138; 5/3/17; 6/9/17; 1; 0; 0; 0.00; 0.00; 0.00;
2263; 138; 5/3/17; 6/9/17; 1; 0; 1; 195.21; 0.00; 112.40;
2293; 567; 5/3/17; 5/16/17; 0; 0; 1; 0.00; 0.00; 93.51;
1495; 138; 5/3/17; 6/9/17; 1; 1; 1; 201563.55; 3341.35; 12448.15;
1591; 138; 5/3/17; 6/9/17; 1; 0; 1; 55599.48; 0.00; 2308.04;
1222; 138; 5/3/17; 6/9/17; 1; 0; 0; 1567.42; 0.00; 0.00;
1989; 138; 5/3/17; 6/9/17; 1; 0; 0; 1736.66; 0.00; 0.00;
642; 138; 5/3/17; 6/9/17; 1; 0; 1; 8255.62; 0.00; 0.00;
2318; 601; 5/3/17; 6/9/17; 0; 0; 1; 0.00; 0.00; 93.09;
1437; 138; 5/3/17; 6/9/17; 1; 0; 0; 1510.28; 0.00; 0.00;
1777; 138; 5/3/17; 6/9/17; 0; 0; 1; 0.00; 0.00; 99.90;
1381; 138; 5/3/17; 6/9/17; 1; 0; 1; 3762.86; 0.00; 599.30;
2667; 138; 5/3/17; 5/17/17; 0; 0; 1; 0.00; 0.00; 99.90;
796; 138; 5/3/17; 6/9/17; 1; 0; 0; 390.16; 0.00; 0.00;
1973; 138; 5/3/17; 6/9/17; 0; 0; 0; 0.00; 0.00; 0.00;
60; 138; 5/3/17; 6/9/17; 1; 0; 0; 229.66; 0.00; 0.00;
2049; 138; 5/3/17; 6/9/17; 1; 0; 0; 298.46; 0.00; 0.00;
341; 138; 5/3/17; 6/9/17; 1; 0; 0; 0.00; 0.00; 0.00;
530; 138; 5/3/17; 6/9/17; 1; 0; 0; 3712.06; 0.00; 0.00;
665; 138; 5/3/17; 6/9/17; 0; 1; 1; 0.00; 260.15; 637.86;
1428; 138; 5/3/17; 6/9/17; 1; 0; 0; 0.00; 0.00; 0.00;
1555; 138; 5/3/17; 6/9/17; 1; 0; 0; 20231.02; 0.00; 0.00;
2314; 138; 5/5/17; 6/9/17; 1; 0; 1; 390.29; 0.00; 131.70;
121; 601; 5/5/17; 5/16/17; 1; 1; 0; 0.00; 0.00; 0.00;
394; 567; 5/5/17; 6/9/17; 1; 0; 0; 0.00; 0.00; 0.00;
874; 567; 5/5/17; 6/9/17; 1; 0; 1; 0.00; 0.00; 45.30;
2000; 1; 5/5/17; 5/6/17; 0; 0; 0; 0.00; 0.00; 0.00;
650; 138; 5/5/17; 6/9/17; 1; 0; 0; 0.00; 0.00; 0.00;
1563; 601; 5/5/17; 5/20/17; 1; 0; 1; 0.00; 0.00; 240.75;
2247; 601; 5/5/17; 6/9/17; 0; 1; 1; 0.00; 0.00; 100.64;
615; 567; 5/5/17; 6/9/17; 1; 0; 0; 0.00; 0.00; 0.00;
767; 601; 5/5/17; 6/9/17; 0; 0; 1; 0.00; 0.00; 99.90;
1802; 567; 5/6/17; 6/9/17; 1; 1; 0; 0.00; 0.00; 0.00;
2375; 601; 5/6/17; 6/3/17; 0; 0; 1; 0.00; 0.00; 99.90;
2000; 234; 5/6/17; 6/9/17; 0; 0; 0; 0.00; 0.00; 0.00;
2368; 567; 5/6/17; 5/16/17; 0; 0; 1; 0.00; 0.00; 133.74;
2338; 601; 5/6/17; 6/9/17; 0; 0; 1; 0.00; 0.00; 256.65;
2693; 567; 5/6/17; 5/16/17; 0; 0; 1; 0.00; 0.00; 99.90;
2694; 601; 5/6/17; 6/9/17; 0; 0; 1; 0.00; 0.00; 99.90;
2687; 567; 5/6/17; 5/16/17; 0; 0; 1; 0.00; 0.00; 99.90;
2370; 601; 5/6/17; 6/9/17; 0; 0; 1; 0.00; 0.00; 269.48;
1996; 671; 5/6/17; 6/9/17; 1; 0; 0; 882.66; 0.00; 0.00;
2387; 601; 5/7/17; 6/9/17; 0; 0; 1; 0.00; 0.00; 99.90;
768; 631; 5/9/17; 5/19/17; 1; 0; 0; 0.00; 0.00; 0.00;
1190; 1; 5/9/17; 6/9/17; 0; 0; 0; 0.00; 0.00; 0.00;
2386; 567; 5/9/17; 5/16/17; 0; 0; 1; 0.00; 0.00; 99.90;
2264; 567; 5/11/17; 5/16/17; 0; 0; 1; 0.00; 0.00; 99.90;
2312; 601; 5/11/17; 6/9/17; 0; 0; 0; 0.00; 0.00; 0.00;
2705; 631; 5/11/17; 6/9/17; 0; 0; 1; 0.00; 0.00; 99.90;
308; 601; 5/11/17; 5/16/17; 1; 0; 1; 0.00; 0.00; 149.27;
1132; 138; 5/11/17; 6/9/17; 1; 1; 1; 0.00; 0.00; 110.24;
2670; 631; 5/11/17; 6/9/17; 0; 0; 1; 0.00; 0.00; 900.00;
1091; 138; 5/11/17; 6/9/17; 1; 0; 0; 2465.98; 0.00; 0.00;
2284; 631; 5/11/17; 5/30/17; 1; 0; 1; 0.00; 0.00; 0.00;
2341; 567; 5/11/17; 5/16/17; 0; 0; 1; 0.00; 0.00; 99.90;
1171; 631; 5/11/17; 5/30/17; 0; 0; 0; 0.00; 0.00; 0.00;
231; 138; 5/11/17; 6/9/17; 1; 0; 1; 0.00; 0.00; 0.00;
2028; 138; 5/11/17; 6/9/17; 1; 0; 0; 0.00; 0.00; 0.00;
2682; 567; 5/11/17; 5/16/17; 0; 0; 1; 0.00; 0.00; 167.94;
2684; 234; 5/11/17; 5/17/17; 0; 0; 1; 0.00; 0.00; 99.90;
2040; 567; 5/11/17; 6/9/17; 1; 0; 0; 0.00; 0.00; 0.00;
2398; 138; 5/11/17; 6/9/17; 0; 0; 1; 0.00; 0.00; 0.00;
899; 631; 5/11/17; 5/30/17; 1; 0; 0; 0.00; 0.00; 0.00;
2697; 567; 5/11/17; 5/16/17; 0; 0; 0; 0.00; 0.00; 0.00;
2251; 631; 5/11/17; 6/9/17; 0; 0; 1; 0.00; 0.00; 146.53;
2685; 631; 5/11/17; 6/9/17; 0; 0; 1; 0.00; 0.00; 99.91;
2265; 138; 5/11/17; 5/17/17; 0; 0; 1; 0.00; 0.00; 479.17;
807; 138; 5/11/17; 6/9/17; 1; 0; 1; 0.00; 0.00; 548.43;
843; 601; 5/11/17; 6/9/17; 1; 0; 0; 0.00; 0.00; 0.00;
1039; 631; 5/11/17; 5/16/17; 1; 0; 0; 0.00; 0.00; 0.00;
2689; 138; 5/11/17; 5/17/17; 0; 0; 1; 0.00; 0.00; 99.90;
2665; 601; 5/11/17; 6/9/17; 0; 1; 1; 0.00; 0.00; 275.00;
2683; 138; 5/11/17; 6/9/17; 0; 0; 0; 0.00; 0.00; 0.00;
427; 138; 5/11/17; 6/9/17; 0; 0; 0; 0.00; 0.00; 0.00;
1128; 567; 5/11/17; 5/16/17; 0; 0; 1; 0.00; 0.00; 149.91;
2177; 138; 5/11/17; 6/9/17; 0; 0; 0; 0.00; 0.00; 0.00;
2187; 601; 5/11/17; 6/9/17; 0; 0; 1; 0.00; 0.00; 150.00;
2671; 567; 5/11/17; 5/16/17; 0; 0; 1; 0.00; 0.00; 99.90;
1849; 631; 5/11/17; 6/9/17; 0; 0; 1; 0.00; 0.00; 99.90;
2673; 631; 5/11/17; 6/9/17; 0; 0; 1; 0.00; 0.00; 99.90;
2672; 567; 5/11/17; 5/16/17; 0; 0; 1; 0.00; 0.00; 99.90;
2163; 631; 5/11/17; 5/30/17; 0; 0; 0; 0.00; 0.00; 0.00;
2195; 631; 5/11/17; 6/9/17; 0; 0; 0; 0.00; 0.00; 0.00;
662; 138; 5/11/17; 6/9/17; 1; 0; 0; 0.00; 0.00; 0.00;
2681; 234; 5/11/17; 5/17/17; 0; 0; 1; 0.00; 0.00; 99.90;
180; 138; 5/11/17; 6/9/17; 1; 0; 0; 0.00; 0.00; 0.00;
2690; 234; 5/11/17; 5/17/17; 0; 0; 1; 0.00; 0.00; 99.90;
2669; 601; 5/11/17; 6/9/17; 0; 0; 1; 0.00; 0.00; 99.90;
661; 138; 5/11/17; 6/9/17; 0; 0; 0; 0.00; 0.00; 0.00;
2396; 138; 5/11/17; 5/17/17; 0; 0; 1; 0.00; 0.00; 100.67;
2158; 631; 5/11/17; 5/30/17; 0; 0; 0; 0.00; 0.00; 0.00;
902; 567; 5/11/17; 6/9/17; 1; 0; 0; 0.00; 0.00; 0.00;
904; 567; 5/16/17; 6/9/17; 1; 0; 1; 0.00; 0.00; 215.18;
2201; 1; 5/16/17; 6/9/17; 0; 0; 0; 0.00; 0.00; 0.00;
1059; 567; 5/16/17; 6/9/17; 1; 0; 0; 0.00; 0.00; 0.00;
832; 567; 5/16/17; 6/9/17; 1; 0; 0; 0.00; 0.00; 0.00;
2264; 1; 5/16/17; 5/17/17; 0; 0; 1; 0.00; 0.00; 99.90;
1054; 1; 5/16/17; 6/9/17; 0; 0; 0; 0.00; 0.00; 0.00;
1612; 567; 5/16/17; 6/9/17; 1; 0; 1; 1581.83; 0.00; 292.69;
308; 138; 5/16/17; 6/9/17; 1; 0; 1; 0.00; 0.00; 149.27;
910; 567; 5/16/17; 6/9/17; 1; 0; 0; 0.00; 0.00; 0.00;
2368; 1; 5/16/17; 5/17/17; 0; 0; 1; 0.00; 0.00; 133.74;
1140; 567; 5/16/17; 6/9/17; 1; 0; 0; 592.71; 0.00; 0.00;
995; 1; 5/16/17; 6/9/17; 0; 0; 0; 0.00; 0.00; 0.00;
1957; 138; 5/16/17; 6/9/17; 1; 0; 0; 0.00; 0.00; 0.00;
760; 567; 5/16/17; 6/9/17; 1; 0; 0; 0.00; 0.00; 0.00;
1781; 567; 5/16/17; 6/9/17; 1; 0; 1; 0.00; 0.00; 0.00;
2682; 1; 5/16/17; 5/17/17; 0; 0; 1; 0.00; 0.00; 167.94;
1960; 1; 5/16/17; 6/9/17; 1; 0; 0; 0.00; 0.00; 0.00;
2386; 1; 5/16/17; 5/17/17; 0; 0; 1; 0.00; 0.00; 99.90;
2341; 1; 5/16/17; 5/17/17; 0; 0; 1; 0.00; 0.00; 99.90;
2293; 1; 5/16/17; 5/17/17; 0; 0; 1; 0.00; 0.00; 93.51;
2697; 1; 5/16/17; 6/9/17; 0; 0; 0; 0.00; 0.00; 0.00;
2687; 1; 5/16/17; 5/17/17; 0; 0; 1; 0.00; 0.00; 99.90;
1082; 567; 5/16/17; 6/9/17; 1; 0; 0; 0.00; 0.00; 0.00;
184; 744; 5/16/17; 6/9/17; 1; 1; 0; 0.00; 0.00; 0.00;
121; 567; 5/16/17; 6/9/17; 1; 1; 0; 0.00; 0.00; 0.00;
2290; 567; 5/16/17; 6/9/17; 1; 0; 1; 0.00; 0.00; 134.53;
1128; 1; 5/16/17; 6/9/17; 0; 0; 1; 0.00; 0.00; 149.91;
1851; 567; 5/16/17; 6/9/17; 1; 0; 1; 496.06; 0.00; 184.95;
2671; 1; 5/16/17; 5/17/17; 0; 0; 1; 0.00; 0.00; 99.90;
2394; 1; 5/16/17; 5/17/17; 0; 0; 1; 0.00; 0.00; 99.90;
2285; 1; 5/16/17; 5/17/17; 0; 0; 1; 0.00; 0.00; 99.90;
2365; 1; 5/16/17; 5/17/17; 0; 0; 1; 0.00; 0.00; 99.90;
2672; 1; 5/16/17; 5/17/17; 0; 0; 1; 0.00; 0.00; 99.90;
1908; 1; 5/16/17; 6/9/17; 0; 0; 0; 0.00; 0.00; 0.00;
2246; 1; 5/16/17; 5/17/17; 0; 0; 1; 0.00; 0.00; 188.41;
2352; 1; 5/16/17; 5/17/17; 0; 0; 1; 0.00; 0.00; 108.81;
1906; 138; 5/16/17; 6/9/17; 1; 0; 1; 0.00; 0.00; 0.00;
2693; 1; 5/16/17; 5/17/17; 0; 0; 1; 0.00; 0.00; 99.90;
509; 567; 5/16/17; 6/9/17; 1; 0; 0; 666.01; 0.00; 0.00;
566; 567; 5/16/17; 6/9/17; 1; 0; 1; 0.00; 0.00; 166.24;
1208; 567; 5/16/17; 6/9/17; 1; 0; 1; 0.00; 0.00; 461.67;
1944; 138; 5/16/17; 6/9/17; 1; 0; 0; 0.00; 0.00; 0.00;
1123; 567; 5/16/17; 6/9/17; 1; 0; 0; 0.00; 0.00; 0.00;
2313; 1; 5/16/17; 5/17/17; 0; 0; 1; 0.00; 0.00; 324.54;
1924; 567; 5/16/17; 6/9/17; 1; 0; 0; 230.85; 0.00; 0.00;
1925; 1; 5/16/17; 5/17/17; 0; 0; 1; 0.00; 0.00; 149.91;
872; 567; 5/16/17; 6/9/17; 1; 0; 1; 0.00; 0.00; 555.99;
792; 567; 5/16/17; 6/9/17; 1; 0; 0; 0.00; 0.00; 0.00;
967; 567; 5/16/17; 6/9/17; 1; 0; 0; 0.00; 0.00; 0.00;
1280; 1; 5/16/17; 6/9/17; 1; 0; 1; 0.00; 0.00; 510.53;
2053; 1; 5/16/17; 5/17/17; 0; 0; 1; 0.00; 0.00; 149.91;
1658; 1; 5/16/17; 6/9/17; 0; 0; 0; 0.00; 0.00; 0.00;
984; 567; 5/16/17; 6/9/17; 1; 0; 0; 0.00; 0.00; 0.00;
1279; 567; 5/16/17; 6/9/17; 1; 0; 0; 0.00; 0.00; 0.00;
1595; 1; 5/16/17; 5/17/17; 0; 0; 1; 0.00; 0.00; 565.68;
1039; 567; 5/16/17; 6/9/17; 1; 0; 0; 0.00; 0.00; 0.00;
2386; 601; 5/17/17; 6/9/17; 0; 0; 1; 0.00; 0.00; 99.90;
2684; 601; 5/17/17; 6/9/17; 0; 0; 1; 0.00; 0.00; 99.90;
2378; 631; 5/17/17; 6/9/17; 0; 0; 1; 0.00; 0.00; 99.90;
2275; 631; 5/17/17; 6/9/17; 0; 0; 1; 0.00; 0.00; 240.50;
2265; 631; 5/17/17; 6/9/17; 0; 0; 1; 0.00; 0.00; 479.17;
2668; 631; 5/17/17; 6/9/17; 0; 0; 1; 0.00; 0.00; 99.90;
941; 601; 5/17/17; 6/9/17; 0; 0; 1; 0.00; 0.00; 999.00;
2161; 601; 5/17/17; 6/9/17; 0; 0; 1; 0.00; 0.00; 115.69;
2687; 601; 5/17/17; 6/9/17; 0; 0; 1; 0.00; 0.00; 99.90;
2703; 601; 5/17/17; 6/9/17; 0; 0; 1; 0.00; 0.00; 99.90;
1599; 601; 5/17/17; 6/9/17; 0; 0; 1; 0.00; 0.00; 2393.20;
2702; 601; 5/17/17; 6/9/17; 0; 0; 1; 0.00; 0.00; 99.90;
2264; 631; 5/17/17; 6/9/17; 0; 0; 1; 0.00; 0.00; 99.90;
2291; 631; 5/17/17; 6/9/17; 0; 0; 1; 0.00; 0.00; 123.26;
2196; 601; 5/17/17; 6/9/17; 0; 0; 1; 0.00; 0.00; 175.92;
2293; 601; 5/17/17; 5/31/17; 0; 0; 1; 0.00; 0.00; 93.51;
2199; 601; 5/17/17; 6/9/17; 0; 0; 1; 0.00; 0.00; 100.31;
1966; 631; 5/17/17; 6/9/17; 0; 0; 1; 0.00; 0.00; 151.20;
2392; 601; 5/17/17; 6/9/17; 0; 0; 1; 0.00; 0.00; 186.01;
1940; 601; 5/17/17; 6/9/17; 0; 0; 1; 0.00; 0.00; 99.90;
2280; 631; 5/17/17; 6/9/17; 0; 0; 1; 0.00; 0.00; 99.90;
2700; 601; 5/17/17; 6/9/17; 0; 0; 1; 0.00; 0.00; 99.90;
2313; 631; 5/17/17; 6/9/17; 0; 0; 1; 0.00; 0.00; 324.54;
2369; 601; 5/17/17; 6/9/17; 0; 0; 1; 0.00; 0.00; 99.90;
2326; 631; 5/17/17; 6/9/17; 0; 0; 1; 0.00; 0.00; 99.90;
2682; 601; 5/17/17; 6/9/17; 0; 0; 1; 0.00; 0.00; 167.94;
2363; 631; 5/17/17; 6/9/17; 0; 0; 1; 0.00; 0.00; 99.90;
2243; 601; 5/17/17; 6/9/17; 0; 0; 1; 0.00; 0.00; 112.73;
2691; 601; 5/17/17; 6/9/17; 0; 0; 1; 0.00; 0.00; 161.25;
2330; 601; 5/17/17; 6/9/17; 0; 0; 1; 0.00; 0.00; 131.40;
2379; 631; 5/17/17; 6/9/17; 0; 0; 1; 0.00; 0.00; 99.90;
2335; 601; 5/17/17; 6/9/17; 0; 0; 1; 0.00; 0.00; 142.20;
2306; 601; 5/17/17; 6/9/17; 0; 0; 1; 0.00; 0.00; 102.33;
1911; 631; 5/17/17; 6/9/17; 0; 0; 1; 0.00; 0.00; 132.07;
2332; 631; 5/17/17; 6/9/17; 0; 0; 1; 0.00; 0.00; 99.90;
2200; 601; 5/17/17; 6/9/17; 0; 0; 1; 0.00; 0.00; 99.90;
2341; 631; 5/17/17; 6/9/17; 0; 0; 1; 0.00; 0.00; 99.90;
2356; 601; 5/17/17; 6/9/17; 0; 0; 1; 0.00; 0.00; 99.90;
2666; 631; 5/17/17; 6/9/17; 0; 0; 1; 0.00; 0.00; 73.23;
28; 631; 5/17/17; 6/9/17; 0; 0; 1; 0.00; 0.00; 999.00;
532; 631; 5/17/17; 6/9/17; 0; 0; 1; 0.00; 0.00; 659.05;
1890; 631; 5/17/17; 6/9/17; 0; 0; 1; 0.00; 0.00; 99.90;
1919; 631; 5/17/17; 6/9/17; 0; 0; 1; 0.00; 0.00; 199.80;
2052; 631; 5/17/17; 6/9/17; 0; 0; 1; 0.00; 0.00; 33671.90;
2271; 631; 5/17/17; 6/9/17; 0; 0; 1; 0.00; 0.00; 99.90;
2296; 631; 5/17/17; 6/9/17; 0; 0; 1; 0.00; 0.00; 187.50;
2344; 631; 5/17/17; 6/9/17; 0; 0; 1; 0.00; 0.00; 99.90;
2368; 601; 5/17/17; 6/9/17; 0; 0; 1; 0.00; 0.00; 133.74;
2698; 601; 5/17/17; 6/9/17; 0; 0; 1; 0.00; 0.00; 99.90;
1968; 601; 5/17/17; 6/9/17; 0; 0; 1; 0.00; 0.00; 446.62;
2254; 631; 5/17/17; 6/9/17; 0; 0; 1; 0.00; 0.00; 399.60;
1379; 601; 5/17/17; 5/24/17; 0; 0; 1; 0.00; 0.00; 539.64;
2259; 631; 5/17/17; 6/9/17; 0; 0; 1; 0.00; 0.00; 217.54;
2057; 601; 5/17/17; 6/9/17; 0; 0; 1; 0.00; 0.00; 266.64;
2689; 631; 5/17/17; 6/9/17; 0; 0; 1; 0.00; 0.00; 99.90;
769; 601; 5/17/17; 6/9/17; 0; 0; 1; 0.00; 0.00; 200.41;
2055; 601; 5/17/17; 6/9/17; 0; 0; 1; 0.00; 0.00; 258.67;
2355; 631; 5/17/17; 6/9/17; 0; 0; 1; 0.00; 0.00; 99.90;
1947; 631; 5/17/17; 6/9/17; 0; 0; 1; 0.00; 0.00; 300.00;
2695; 631; 5/17/17; 6/9/17; 0; 0; 1; 0.00; 0.00; 99.90;
1952; 601; 5/17/17; 6/9/17; 0; 0; 1; 0.00; 0.00; 25374.60;
2384; 631; 5/17/17; 6/9/17; 0; 0; 1; 0.00; 0.00; 99.90;
2380; 631; 5/17/17; 6/9/17; 0; 0; 1; 0.00; 0.00; 178.81;
2194; 601; 5/17/17; 6/9/17; 0; 0; 1; 0.00; 0.00; 99.90;
2667; 601; 5/17/17; 6/9/17; 0; 0; 1; 0.00; 0.00; 99.90;
2351; 631; 5/17/17; 6/9/17; 0; 0; 1; 0.00; 0.00; 99.90;
1409; 601; 5/17/17; 6/9/17; 0; 0; 1; 0.00; 0.00; 99.90;
2274; 631; 5/17/17; 6/9/17; 0; 0; 1; 0.00; 0.00; 99.90;
2347; 631; 5/17/17; 6/9/17; 0; 0; 1; 0.00; 0.00; 99.90;
1954; 601; 5/17/17; 6/9/17; 0; 0; 1; 0.00; 0.00; 149.91;
2295; 631; 5/17/17; 6/9/17; 0; 0; 1; 0.00; 0.00; 187.45;
2364; 631; 5/17/17; 6/9/17; 0; 0; 1; 0.00; 0.00; 99.90;
2671; 601; 5/17/17; 6/9/17; 0; 0; 1; 0.00; 0.00; 99.90;
2394; 601; 5/17/17; 6/9/17; 0; 0; 1; 0.00; 0.00; 99.90;
2285; 601; 5/17/17; 6/9/17; 0; 0; 1; 0.00; 0.00; 99.90;
2277; 601; 5/17/17; 6/9/17; 0; 0; 1; 0.00; 0.00; 99.90;
2258; 631; 5/17/17; 6/9/17; 0; 0; 1; 0.00; 0.00; 152.14;
1972; 631; 5/17/17; 6/9/17; 0; 0; 1; 0.00; 0.00; 246.93;
2672; 601; 5/17/17; 6/9/17; 0; 0; 1; 0.00; 0.00; 99.90;
2365; 631; 5/17/17; 6/9/17; 0; 0; 1; 0.00; 0.00; 99.90;
345; 631; 5/17/17; 6/9/17; 0; 0; 1; 0.00; 0.00; 299.83;
2246; 601; 5/17/17; 6/9/17; 0; 0; 1; 0.00; 0.00; 188.41;
1595; 631; 5/17/17; 6/9/17; 0; 0; 1; 0.00; 0.00; 565.68;
2352; 631; 5/17/17; 6/9/17; 0; 0; 1; 0.00; 0.00; 108.81;
601; 631; 5/17/17; 6/9/17; 0; 0; 1; 0.00; 0.00; 99.90;
2693; 601; 5/17/17; 6/9/17; 0; 0; 1; 0.00; 0.00; 99.90;
2366; 601; 5/17/17; 6/9/17; 0; 0; 1; 0.00; 0.00; 99.90;
2686; 631; 5/17/17; 6/9/17; 0; 0; 1; 0.00; 0.00; 99.90;
2373; 631; 5/17/17; 6/9/17; 0; 0; 1; 0.00; 0.00; 125.16;
2192; 631; 5/17/17; 6/9/17; 0; 0; 1; 0.00; 0.00; 160.86;
2381; 631; 5/17/17; 6/9/17; 0; 0; 1; 0.00; 0.00; 99.90;
1014; 631; 5/17/17; 6/9/17; 0; 0; 1; 0.00; 0.00; 99.90;
2150; 601; 5/17/17; 6/9/17; 0; 0; 1; 0.00; 0.00; 142.20;
2399; 601; 5/17/17; 6/9/17; 0; 0; 1; 0.00; 0.00; 99.90;
2696; 601; 5/17/17; 6/9/17; 0; 0; 1; 0.00; 0.00; 99.90;
2245; 631; 5/17/17; 6/9/17; 0; 0; 1; 0.00; 0.00; 99.90;
2397; 601; 5/17/17; 6/9/17; 0; 0; 1; 0.00; 0.00; 396.23;
1925; 601; 5/17/17; 6/9/17; 0; 0; 1; 0.00; 0.00; 149.91;
2690; 601; 5/17/17; 6/9/17; 0; 0; 1; 0.00; 0.00; 99.90;
1032; 631; 5/17/17; 6/9/17; 0; 0; 1; 0.00; 0.00; 157.40;
2396; 601; 5/17/17; 6/9/17; 0; 0; 1; 0.00; 0.00; 100.67;
1188; 601; 5/17/17; 6/9/17; 0; 0; 1; 0.00; 0.00; 219.44;
2202; 601; 5/17/17; 6/9/17; 0; 0; 1; 0.00; 0.00; 99.90;
1922; 631; 5/17/17; 6/9/17; 0; 0; 1; 0.00; 0.00; 116.68;
2681; 631; 5/17/17; 6/9/17; 0; 0; 1; 0.00; 0.00; 99.90;
1600; 601; 5/17/17; 6/9/17; 0; 0; 1; 0.00; 0.00; 239.17;
2281; 601; 5/17/17; 6/9/17; 0; 0; 1; 0.00; 0.00; 61.63;
2053; 631; 5/17/17; 6/9/17; 0; 0; 1; 0.00; 0.00; 149.91;
2371; 631; 5/17/17; 6/9/17; 0; 0; 1; 0.00; 0.00; 99.90;
2255; 601; 5/17/17; 6/9/17; 0; 0; 1; 0.00; 0.00; 550.00;
2242; 601; 5/17/17; 6/9/17; 0; 0; 1; 0.00; 0.00; 172.99;
1173; 601; 5/17/17; 6/9/17; 1; 0; 1; 0.00; 0.00; 199.80;
1030; 631; 5/17/17; 6/9/17; 0; 0; 1; 0.00; 0.00; 99.90;
2390; 601; 5/17/17; 6/9/17; 0; 0; 1; 0.00; 0.00; 29.90;
2184; 631; 5/17/17; 6/9/17; 0; 0; 1; 0.00; 0.00; 222.75;
1935; 601; 5/17/17; 6/9/17; 0; 0; 1; 0.00; 0.00; 179.41;
2674; 601; 5/17/17; 6/9/17; 0; 0; 1; 0.00; 0.00; 99.90;
1407; 267; 5/19/17; 6/9/17; 1; 0; 0; 0.00; 0.00; 0.00;
930; 267; 5/19/17; 6/9/17; 1; 0; 1; 0.00; 0.00; 0.00;
2349; 267; 5/19/17; 6/9/17; 1; 0; 0; 926.29; 0.00; 0.00;
2014; 267; 5/19/17; 6/9/17; 1; 0; 0; 0.00; 0.00; 0.00;
1993; 267; 5/19/17; 6/9/17; 1; 0; 0; 0.00; 0.00; 0.00;
1834; 267; 5/19/17; 6/9/17; 1; 0; 0; 0.00; 0.00; 0.00;
2348; 267; 5/19/17; 6/9/17; 1; 0; 0; 380.66; 0.00; 0.00;
1665; 267; 5/19/17; 6/9/17; 1; 0; 1; 0.00; 0.00; 299.93;
1544; 267; 5/19/17; 6/9/17; 1; 0; 0; 0.00; 0.00; 0.00;
768; 267; 5/19/17; 6/9/17; 1; 0; 0; 0.00; 0.00; 0.00;
644; 138; 5/19/17; 6/9/17; 1; 0; 1; 5593.58; 0.00; 535.53;
2155; 138; 5/20/17; 6/9/17; 1; 0; 0; 1546.07; 0.00; 0.00;
373; 138; 5/20/17; 6/9/17; 1; 0; 1; 0.00; 0.00; 0.00;
2098; 222; 5/20/17; 6/9/17; 1; 0; 0; 0.00; 0.00; 0.00;
1839; 222; 5/20/17; 6/9/17; 1; 0; 0; 0.00; 0.00; 0.00;
452; 222; 5/20/17; 6/9/17; 1; 0; 0; 195.21; 0.00; 0.00;
1365; 222; 5/20/17; 6/9/17; 1; 0; 0; 0.00; 0.00; 0.00;
1563; 222; 5/20/17; 6/9/17; 1; 0; 1; 0.00; 0.00; 240.75;
759; 234; 5/20/17; 5/24/17; 0; 0; 0; 0.00; 0.00; 0.00;
1379; 671; 5/24/17; 6/9/17; 1; 1; 1; 0.00; 0.00; 539.64;
759; 1; 5/24/17; 6/9/17; 0; 0; 0; 0.00; 0.00; 0.00;
1326; 1; 5/26/17; 6/9/17; 0; 0; 0; 0.00; 0.00; 0.00;
2722; 1; 5/26/17; 6/9/17; 0; 0; 1; 0.00; 0.00; 0.00;
2017; 1; 5/30/17; 6/9/17; 1; 0; 1; 0.00; 0.00; 102.00;
2042; 1; 5/30/17; 6/9/17; 1; 0; 0; 0.00; 0.00; 0.00;
2173; 1; 5/30/17; 6/9/17; 0; 0; 0; 0.00; 0.00; 0.00;
2331; 1; 5/30/17; 6/9/17; 0; 0; 0; 0.00; 0.00; 0.00;
2294; 1; 5/30/17; 6/9/17; 0; 0; 0; 0.00; 0.00; 0.00;
2157; 1; 5/30/17; 6/9/17; 0; 0; 0; 0.00; 0.00; 0.00;
2284; 1; 5/30/17; 6/9/17; 1; 0; 1; 0.00; 0.00; 0.00;
2158; 1; 5/30/17; 6/9/17; 0; 0; 0; 0.00; 0.00; 0.00;
1171; 1; 5/30/17; 6/9/17; 0; 0; 0; 0.00; 0.00; 0.00;
2340; 1; 5/30/17; 6/9/17; 0; 1; 0; 0.00; 0.00; 0.00;
2262; 1; 5/30/17; 6/9/17; 0; 0; 0; 0.00; 0.00; 0.00;
2163; 1; 5/30/17; 6/2/17; 0; 0; 0; 0.00; 0.00; 0.00;
899; 1; 5/30/17; 6/9/17; 1; 0; 0; 0.00; 0.00; 0.00;
2105; 48; 5/31/17; 6/2/17; 0; 0; 0; 0.00; 0.00; 0.00;
2293; 631; 5/31/17; 6/9/17; 0; 0; 1; 0.00; 0.00; 93.51;
2163; 135; 6/2/17; 6/9/17; 0; 0; 0; 0.00; 0.00; 0.00;
2105; 1; 6/2/17; 6/9/17; 0; 0; 0; 0.00; 0.00; 0.00;
2343; 135; 6/3/17; 6/9/17; 0; 0; 0; 0.00; 0.00; 0.00;
2375; 135; 6/3/17; 6/9/17; 0; 0; 1; 0.00; 0.00; 99.90;
1063; 567; 6/3/17; 6/9/17; 1; 0; 0; 0.00; 0.00; 0.00;
402; 601; 6/7/17; 6/9/17; 0; 0; 0; 0.00; 0.00; 0.00;
2345; 1; 6/7/17; 6/9/17; 0; 0; 0; 0.00; 0.00; 0.00;
811; 567; 6/8/17; 6/9/17; 1; 0; 0; 0.00; 0.00; 0.00;